Company Name,Supplier Type,Brand Name,Product Categories,Key Strength Sub Categories,Secondary Products,Country,Province,City,Town,Address,Primary Contact Name,Calling Number,Email,Current Status,Supplier Grade,Potential,Visited Factory?,Visit Remarks
test1,Trader,Yinglima Supplier 2,Food Ingredients,Citric Acid,Spare Parts 2,China,Zhejiang,Hangzhou,Industrial Zone 2,No. 10 Industry Road,Mr. Manager 1,+86 13800000001,supplier1@yinglima.com,NEW,Grade C,NO,No,Verified supplier test record 1
test2,Manufacturer,Yinglima Supplier 3,Chemicals,Caustic Soda,Spare Parts 3,China,Zhejiang,Ningbo,Industrial Zone 3,No. 20 Industry Road,Mr. Manager 2,+86 13800000002,supplier2@yinglima.com,NEW,Grade B,NO,No,Verified supplier test record 2
test3,Trader,Yinglima Supplier 4,Tech/Feed Grade Ingredients,Spares for Band Sealer,Spare Parts 4,China,Zhejiang,Qingdao,Industrial Zone 4,No. 30 Industry Road,Mr. Manager 3,+86 13800000003,supplier3@yinglima.com,NEW,Grade A,NO,No,Verified supplier test record 3
test4,Manufacturer,Yinglima Supplier 5,Filteration,Vacuum Packers,Spare Parts 5,China,Zhejiang,Weifang,Industrial Zone 5,No. 40 Industry Road,Mr. Manager 4,+86 13800000004,supplier4@yinglima.com,NEW,Grade B,NO,Yes,Verified supplier test record 4
test5,Trader,Yinglima Supplier 6,Pumps,Solvents,Spare Parts 1,China,Zhejiang,Shanghai,Industrial Zone 6,No. 50 Industry Road,Mr. Manager 5,+86 13800000005,supplier5@yinglima.com,NEW,Grade C,NO,No,Verified supplier test record 5
test6,Manufacturer,Yinglima Supplier 7,Machines,Band Sealer,Spare Parts 2,China,Zhejiang,Guangzhou,Industrial Zone 7,No. 60 Industry Road,Mr. Manager 6,+86 13800000006,supplier6@yinglima.com,NEW,Grade A,NO,No,Verified supplier test record 6
test7,Trader,Yinglima Supplier 8,Food Ingredients,Citric Acid,Spare Parts 3,China,Zhejiang,Shenzhen,Industrial Zone 8,No. 70 Industry Road,Mr. Manager 7,+86 13800000007,supplier7@yinglima.com,NEW,Grade C,NO,No,Verified supplier test record 7
test8,Manufacturer,Yinglima Supplier 9,Chemicals,Caustic Soda,Spare Parts 4,China,Zhejiang,Jinan,Industrial Zone 9,No. 80 Industry Road,Mr. Manager 8,+86 13800000008,supplier8@yinglima.com,NEW,Grade B,NO,Yes,Verified supplier test record 8
test9,Trader,Yinglima Supplier 10,Tech/Feed Grade Ingredients,Spares for Band Sealer,Spare Parts 5,China,Zhejiang,Yiwu,Industrial Zone 10,No. 90 Industry Road,Mr. Manager 9,+86 13800000009,supplier9@yinglima.com,NEW,Grade A,NO,No,Verified supplier test record 9
test10,Manufacturer,Yinglima Supplier 1,Filteration,Vacuum Packers,Spare Parts 1,China,Zhejiang,Wenzhou,Industrial Zone 11,No. 100 Industry Road,Mr. Manager 10,+86 13800000010,supplier10@yinglima.com,NEW,Grade B,NO,No,Verified supplier test record 10
test11,Trader,Yinglima Supplier 2,Pumps,Solvents,Spare Parts 2,China,Zhejiang,Hangzhou,Industrial Zone 12,No. 110 Industry Road,Mr. Manager 11,+86 13800000011,supplier11@yinglima.com,NEW,Grade C,NO,No,Verified supplier test record 11
test12,Manufacturer,Yinglima Supplier 3,Machines,Band Sealer,Spare Parts 3,China,Zhejiang,Ningbo,Industrial Zone 13,No. 120 Industry Road,Mr. Manager 12,+86 13800000012,supplier12@yinglima.com,NEW,Grade A,NO,Yes,Verified supplier test record 12
test13,Trader,Yinglima Supplier 4,Food Ingredients,Citric Acid,Spare Parts 4,China,Zhejiang,Qingdao,Industrial Zone 14,No. 130 Industry Road,Mr. Manager 13,+86 13800000013,supplier13@yinglima.com,NEW,Grade C,NO,No,Verified supplier test record 13
test14,Manufacturer,Yinglima Supplier 5,Chemicals,Caustic Soda,Spare Parts 5,China,Zhejiang,Weifang,Industrial Zone 15,No. 140 Industry Road,Mr. Manager 14,+86 13800000014,supplier14@yinglima.com,NEW,Grade B,NO,No,Verified supplier test record 14
test15,Trader,Yinglima Supplier 6,Tech/Feed Grade Ingredients,Spares for Band Sealer,Spare Parts 1,China,Zhejiang,Shanghai,Industrial Zone 16,No. 150 Industry Road,Mr. Manager 15,+86 13800000015,supplier15@yinglima.com,NEW,Grade A,NO,No,Verified supplier test record 15
test16,Manufacturer,Yinglima Supplier 7,Filteration,Vacuum Packers,Spare Parts 2,China,Zhejiang,Guangzhou,Industrial Zone 17,No. 160 Industry Road,Mr. Manager 16,+86 13800000016,supplier16@yinglima.com,NEW,Grade B,NO,Yes,Verified supplier test record 16
test17,Trader,Yinglima Supplier 8,Pumps,Solvents,Spare Parts 3,China,Zhejiang,Shenzhen,Industrial Zone 18,No. 170 Industry Road,Mr. Manager 17,+86 13800000017,supplier17@yinglima.com,NEW,Grade C,NO,No,Verified supplier test record 17
test18,Manufacturer,Yinglima Supplier 9,Machines,Band Sealer,Spare Parts 4,China,Zhejiang,Jinan,Industrial Zone 19,No. 180 Industry Road,Mr. Manager 18,+86 13800000018,supplier18@yinglima.com,NEW,Grade A,NO,No,Verified supplier test record 18
test19,Trader,Yinglima Supplier 10,Food Ingredients,Citric Acid,Spare Parts 5,China,Zhejiang,Yiwu,Industrial Zone 20,No. 190 Industry Road,Mr. Manager 19,+86 13800000019,supplier19@yinglima.com,NEW,Grade C,NO,No,Verified supplier test record 19
test20,Manufacturer,Yinglima Supplier 1,Chemicals,Caustic Soda,Spare Parts 1,China,Zhejiang,Wenzhou,Industrial Zone 1,No. 200 Industry Road,Mr. Manager 20,+86 13800000020,supplier20@yinglima.com,NEW,Grade B,NO,Yes,Verified supplier test record 20
test21,Trader,Yinglima Supplier 2,Tech/Feed Grade Ingredients,Spares for Band Sealer,Spare Parts 2,China,Zhejiang,Hangzhou,Industrial Zone 2,No. 210 Industry Road,Mr. Manager 21,+86 13800000021,supplier21@yinglima.com,NEW,Grade A,NO,No,Verified supplier test record 21
test22,Manufacturer,Yinglima Supplier 3,Filteration,Vacuum Packers,Spare Parts 3,China,Zhejiang,Ningbo,Industrial Zone 3,No. 220 Industry Road,Mr. Manager 22,+86 13800000022,supplier22@yinglima.com,NEW,Grade B,NO,No,Verified supplier test record 22
test23,Trader,Yinglima Supplier 4,Pumps,Solvents,Spare Parts 4,China,Zhejiang,Qingdao,Industrial Zone 4,No. 230 Industry Road,Mr. Manager 23,+86 13800000023,supplier23@yinglima.com,NEW,Grade C,NO,No,Verified supplier test record 23
test24,Manufacturer,Yinglima Supplier 5,Machines,Band Sealer,Spare Parts 5,China,Zhejiang,Weifang,Industrial Zone 5,No. 240 Industry Road,Mr. Manager 24,+86 13800000024,supplier24@yinglima.com,NEW,Grade A,NO,Yes,Verified supplier test record 24
test25,Trader,Yinglima Supplier 6,Food Ingredients,Citric Acid,Spare Parts 1,China,Zhejiang,Shanghai,Industrial Zone 6,No. 250 Industry Road,Mr. Manager 25,+86 13800000025,supplier25@yinglima.com,NEW,Grade C,NO,No,Verified supplier test record 25
test26,Manufacturer,Yinglima Supplier 7,Chemicals,Caustic Soda,Spare Parts 2,China,Zhejiang,Guangzhou,Industrial Zone 7,No. 260 Industry Road,Mr. Manager 26,+86 13800000026,supplier26@yinglima.com,NEW,Grade B,NO,No,Verified supplier test record 26
test27,Trader,Yinglima Supplier 8,Tech/Feed Grade Ingredients,Spares for Band Sealer,Spare Parts 3,China,Zhejiang,Shenzhen,Industrial Zone 8,No. 270 Industry Road,Mr. Manager 27,+86 13800000027,supplier27@yinglima.com,NEW,Grade A,NO,No,Verified supplier test record 27
test28,Manufacturer,Yinglima Supplier 9,Filteration,Vacuum Packers,Spare Parts 4,China,Zhejiang,Jinan,Industrial Zone 9,No. 280 Industry Road,Mr. Manager 28,+86 13800000028,supplier28@yinglima.com,NEW,Grade B,NO,Yes,Verified supplier test record 28
test29,Trader,Yinglima Supplier 10,Pumps,Solvents,Spare Parts 5,China,Zhejiang,Yiwu,Industrial Zone 10,No. 290 Industry Road,Mr. Manager 29,+86 13800000029,supplier29@yinglima.com,NEW,Grade C,NO,No,Verified supplier test record 29
test30,Manufacturer,Yinglima Supplier 1,Machines,Band Sealer,Spare Parts 1,China,Zhejiang,Wenzhou,Industrial Zone 11,No. 300 Industry Road,Mr. Manager 30,+86 13800000030,supplier30@yinglima.com,NEW,Grade A,NO,No,Verified supplier test record 30
test31,Trader,Yinglima Supplier 2,Food Ingredients,Citric Acid,Spare Parts 2,China,Zhejiang,Hangzhou,Industrial Zone 12,No. 310 Industry Road,Mr. Manager 31,+86 13800000031,supplier31@yinglima.com,NEW,Grade C,NO,No,Verified supplier test record 31
test32,Manufacturer,Yinglima Supplier 3,Chemicals,Caustic Soda,Spare Parts 3,China,Zhejiang,Ningbo,Industrial Zone 13,No. 320 Industry Road,Mr. Manager 32,+86 13800000032,supplier32@yinglima.com,NEW,Grade B,NO,Yes,Verified supplier test record 32
test33,Trader,Yinglima Supplier 4,Tech/Feed Grade Ingredients,Spares for Band Sealer,Spare Parts 4,China,Zhejiang,Qingdao,Industrial Zone 14,No. 330 Industry Road,Mr. Manager 33,+86 13800000033,supplier33@yinglima.com,NEW,Grade A,NO,No,Verified supplier test record 33
test34,Manufacturer,Yinglima Supplier 5,Filteration,Vacuum Packers,Spare Parts 5,China,Zhejiang,Weifang,Industrial Zone 15,No. 340 Industry Road,Mr. Manager 34,+86 13800000034,supplier34@yinglima.com,NEW,Grade B,NO,No,Verified supplier test record 34
test35,Trader,Yinglima Supplier 6,Pumps,Solvents,Spare Parts 1,China,Zhejiang,Shanghai,Industrial Zone 16,No. 350 Industry Road,Mr. Manager 35,+86 13800000035,supplier35@yinglima.com,NEW,Grade C,NO,No,Verified supplier test record 35
test36,Manufacturer,Yinglima Supplier 7,Machines,Band Sealer,Spare Parts 2,China,Zhejiang,Guangzhou,Industrial Zone 17,No. 360 Industry Road,Mr. Manager 36,+86 13800000036,supplier36@yinglima.com,NEW,Grade A,NO,Yes,Verified supplier test record 36
test37,Trader,Yinglima Supplier 8,Food Ingredients,Citric Acid,Spare Parts 3,China,Zhejiang,Shenzhen,Industrial Zone 18,No. 370 Industry Road,Mr. Manager 37,+86 13800000037,supplier37@yinglima.com,NEW,Grade C,NO,No,Verified supplier test record 37
test38,Manufacturer,Yinglima Supplier 9,Chemicals,Caustic Soda,Spare Parts 4,China,Zhejiang,Jinan,Industrial Zone 19,No. 380 Industry Road,Mr. Manager 38,+86 13800000038,supplier38@yinglima.com,NEW,Grade B,NO,No,Verified supplier test record 38
test39,Trader,Yinglima Supplier 10,Tech/Feed Grade Ingredients,Spares for Band Sealer,Spare Parts 5,China,Zhejiang,Yiwu,Industrial Zone 20,No. 390 Industry Road,Mr. Manager 39,+86 13800000039,supplier39@yinglima.com,NEW,Grade A,NO,No,Verified supplier test record 39
test40,Manufacturer,Yinglima Supplier 1,Filteration,Vacuum Packers,Spare Parts 1,China,Zhejiang,Wenzhou,Industrial Zone 1,No. 400 Industry Road,Mr. Manager 40,+86 13800000040,supplier40@yinglima.com,NEW,Grade B,NO,Yes,Verified supplier test record 40
test41,Trader,Yinglima Supplier 2,Pumps,Solvents,Spare Parts 2,China,Zhejiang,Hangzhou,Industrial Zone 2,No. 410 Industry Road,Mr. Manager 41,+86 13800000041,supplier41@yinglima.com,NEW,Grade C,NO,No,Verified supplier test record 41
test42,Manufacturer,Yinglima Supplier 3,Machines,Band Sealer,Spare Parts 3,China,Zhejiang,Ningbo,Industrial Zone 3,No. 420 Industry Road,Mr. Manager 42,+86 13800000042,supplier42@yinglima.com,NEW,Grade A,NO,No,Verified supplier test record 42
test43,Trader,Yinglima Supplier 4,Food Ingredients,Citric Acid,Spare Parts 4,China,Zhejiang,Qingdao,Industrial Zone 4,No. 430 Industry Road,Mr. Manager 43,+86 13800000043,supplier43@yinglima.com,NEW,Grade C,NO,No,Verified supplier test record 43
test44,Manufacturer,Yinglima Supplier 5,Chemicals,Caustic Soda,Spare Parts 5,China,Zhejiang,Weifang,Industrial Zone 5,No. 440 Industry Road,Mr. Manager 44,+86 13800000044,supplier44@yinglima.com,NEW,Grade B,NO,Yes,Verified supplier test record 44
test45,Trader,Yinglima Supplier 6,Tech/Feed Grade Ingredients,Spares for Band Sealer,Spare Parts 1,China,Zhejiang,Shanghai,Industrial Zone 6,No. 450 Industry Road,Mr. Manager 45,+86 13800000045,supplier45@yinglima.com,NEW,Grade A,NO,No,Verified supplier test record 45
test46,Manufacturer,Yinglima Supplier 7,Filteration,Vacuum Packers,Spare Parts 2,China,Zhejiang,Guangzhou,Industrial Zone 7,No. 460 Industry Road,Mr. Manager 46,+86 13800000046,supplier46@yinglima.com,NEW,Grade B,NO,No,Verified supplier test record 46
test47,Trader,Yinglima Supplier 8,Pumps,Solvents,Spare Parts 3,China,Zhejiang,Shenzhen,Industrial Zone 8,No. 470 Industry Road,Mr. Manager 47,+86 13800000047,supplier47@yinglima.com,NEW,Grade C,NO,No,Verified supplier test record 47
test48,Manufacturer,Yinglima Supplier 9,Machines,Band Sealer,Spare Parts 4,China,Zhejiang,Jinan,Industrial Zone 9,No. 480 Industry Road,Mr. Manager 48,+86 13800000048,supplier48@yinglima.com,NEW,Grade A,NO,Yes,Verified supplier test record 48
test49,Trader,Yinglima Supplier 10,Food Ingredients,Citric Acid,Spare Parts 5,China,Zhejiang,Yiwu,Industrial Zone 10,No. 490 Industry Road,Mr. Manager 49,+86 13800000049,supplier49@yinglima.com,NEW,Grade C,NO,No,Verified supplier test record 49
test50,Manufacturer,Yinglima Supplier 1,Chemicals,Caustic Soda,Spare Parts 1,China,Zhejiang,Wenzhou,Industrial Zone 11,No. 500 Industry Road,Mr. Manager 50,+86 13800000050,supplier50@yinglima.com,NEW,Grade B,NO,No,Verified supplier test record 50
test51,Trader,Yinglima Supplier 2,Tech/Feed Grade Ingredients,Spares for Band Sealer,Spare Parts 2,China,Zhejiang,Hangzhou,Industrial Zone 12,No. 510 Industry Road,Mr. Manager 51,+86 13800000051,supplier51@yinglima.com,NEW,Grade A,NO,No,Verified supplier test record 51
test52,Manufacturer,Yinglima Supplier 3,Filteration,Vacuum Packers,Spare Parts 3,China,Zhejiang,Ningbo,Industrial Zone 13,No. 520 Industry Road,Mr. Manager 52,+86 13800000052,supplier52@yinglima.com,NEW,Grade B,NO,Yes,Verified supplier test record 52
test53,Trader,Yinglima Supplier 4,Pumps,Solvents,Spare Parts 4,China,Zhejiang,Qingdao,Industrial Zone 14,No. 530 Industry Road,Mr. Manager 53,+86 13800000053,supplier53@yinglima.com,NEW,Grade C,NO,No,Verified supplier test record 53
test54,Manufacturer,Yinglima Supplier 5,Machines,Band Sealer,Spare Parts 5,China,Zhejiang,Weifang,Industrial Zone 15,No. 540 Industry Road,Mr. Manager 54,+86 13800000054,supplier54@yinglima.com,NEW,Grade A,NO,No,Verified supplier test record 54
test55,Trader,Yinglima Supplier 6,Food Ingredients,Citric Acid,Spare Parts 1,China,Zhejiang,Shanghai,Industrial Zone 16,No. 550 Industry Road,Mr. Manager 55,+86 13800000055,supplier55@yinglima.com,NEW,Grade C,NO,No,Verified supplier test record 55
test56,Manufacturer,Yinglima Supplier 7,Chemicals,Caustic Soda,Spare Parts 2,China,Zhejiang,Guangzhou,Industrial Zone 17,No. 560 Industry Road,Mr. Manager 56,+86 13800000056,supplier56@yinglima.com,NEW,Grade B,NO,Yes,Verified supplier test record 56
test57,Trader,Yinglima Supplier 8,Tech/Feed Grade Ingredients,Spares for Band Sealer,Spare Parts 3,China,Zhejiang,Shenzhen,Industrial Zone 18,No. 570 Industry Road,Mr. Manager 57,+86 13800000057,supplier57@yinglima.com,NEW,Grade A,NO,No,Verified supplier test record 57
test58,Manufacturer,Yinglima Supplier 9,Filteration,Vacuum Packers,Spare Parts 4,China,Zhejiang,Jinan,Industrial Zone 19,No. 580 Industry Road,Mr. Manager 58,+86 13800000058,supplier58@yinglima.com,NEW,Grade B,NO,No,Verified supplier test record 58
test59,Trader,Yinglima Supplier 10,Pumps,Solvents,Spare Parts 5,China,Zhejiang,Yiwu,Industrial Zone 20,No. 590 Industry Road,Mr. Manager 59,+86 13800000059,supplier59@yinglima.com,NEW,Grade C,NO,No,Verified supplier test record 59
test60,Manufacturer,Yinglima Supplier 1,Machines,Band Sealer,Spare Parts 1,China,Zhejiang,Wenzhou,Industrial Zone 1,No. 600 Industry Road,Mr. Manager 60,+86 13800000060,supplier60@yinglima.com,NEW,Grade A,NO,Yes,Verified supplier test record 60
test61,Trader,Yinglima Supplier 2,Food Ingredients,Citric Acid,Spare Parts 2,China,Zhejiang,Hangzhou,Industrial Zone 2,No. 610 Industry Road,Mr. Manager 61,+86 13800000061,supplier61@yinglima.com,NEW,Grade C,NO,No,Verified supplier test record 61
test62,Manufacturer,Yinglima Supplier 3,Chemicals,Caustic Soda,Spare Parts 3,China,Zhejiang,Ningbo,Industrial Zone 3,No. 620 Industry Road,Mr. Manager 62,+86 13800000062,supplier62@yinglima.com,NEW,Grade B,NO,No,Verified supplier test record 62
test63,Trader,Yinglima Supplier 4,Tech/Feed Grade Ingredients,Spares for Band Sealer,Spare Parts 4,China,Zhejiang,Qingdao,Industrial Zone 4,No. 630 Industry Road,Mr. Manager 63,+86 13800000063,supplier63@yinglima.com,NEW,Grade A,NO,No,Verified supplier test record 63
test64,Manufacturer,Yinglima Supplier 5,Filteration,Vacuum Packers,Spare Parts 5,China,Zhejiang,Weifang,Industrial Zone 5,No. 640 Industry Road,Mr. Manager 64,+86 13800000064,supplier64@yinglima.com,NEW,Grade B,NO,Yes,Verified supplier test record 64
test65,Trader,Yinglima Supplier 6,Pumps,Solvents,Spare Parts 1,China,Zhejiang,Shanghai,Industrial Zone 6,No. 650 Industry Road,Mr. Manager 65,+86 13800000065,supplier65@yinglima.com,NEW,Grade C,NO,No,Verified supplier test record 65
test66,Manufacturer,Yinglima Supplier 7,Machines,Band Sealer,Spare Parts 2,China,Zhejiang,Guangzhou,Industrial Zone 7,No. 660 Industry Road,Mr. Manager 66,+86 13800000066,supplier66@yinglima.com,NEW,Grade A,NO,No,Verified supplier test record 66
test67,Trader,Yinglima Supplier 8,Food Ingredients,Citric Acid,Spare Parts 3,China,Zhejiang,Shenzhen,Industrial Zone 8,No. 670 Industry Road,Mr. Manager 67,+86 13800000067,supplier67@yinglima.com,NEW,Grade C,NO,No,Verified supplier test record 67
test68,Manufacturer,Yinglima Supplier 9,Chemicals,Caustic Soda,Spare Parts 4,China,Zhejiang,Jinan,Industrial Zone 9,No. 680 Industry Road,Mr. Manager 68,+86 13800000068,supplier68@yinglima.com,NEW,Grade B,NO,Yes,Verified supplier test record 68
test69,Trader,Yinglima Supplier 10,Tech/Feed Grade Ingredients,Spares for Band Sealer,Spare Parts 5,China,Zhejiang,Yiwu,Industrial Zone 10,No. 690 Industry Road,Mr. Manager 69,+86 13800000069,supplier69@yinglima.com,NEW,Grade A,NO,No,Verified supplier test record 69
test70,Manufacturer,Yinglima Supplier 1,Filteration,Vacuum Packers,Spare Parts 1,China,Zhejiang,Wenzhou,Industrial Zone 11,No. 700 Industry Road,Mr. Manager 70,+86 13800000070,supplier70@yinglima.com,NEW,Grade B,NO,No,Verified supplier test record 70
test71,Trader,Yinglima Supplier 2,Pumps,Solvents,Spare Parts 2,China,Zhejiang,Hangzhou,Industrial Zone 12,No. 710 Industry Road,Mr. Manager 71,+86 13800000071,supplier71@yinglima.com,NEW,Grade C,NO,No,Verified supplier test record 71
test72,Manufacturer,Yinglima Supplier 3,Machines,Band Sealer,Spare Parts 3,China,Zhejiang,Ningbo,Industrial Zone 13,No. 720 Industry Road,Mr. Manager 72,+86 13800000072,supplier72@yinglima.com,NEW,Grade A,NO,Yes,Verified supplier test record 72
test73,Trader,Yinglima Supplier 4,Food Ingredients,Citric Acid,Spare Parts 4,China,Zhejiang,Qingdao,Industrial Zone 14,No. 730 Industry Road,Mr. Manager 73,+86 13800000073,supplier73@yinglima.com,NEW,Grade C,NO,No,Verified supplier test record 73
test74,Manufacturer,Yinglima Supplier 5,Chemicals,Caustic Soda,Spare Parts 5,China,Zhejiang,Weifang,Industrial Zone 15,No. 740 Industry Road,Mr. Manager 74,+86 13800000074,supplier74@yinglima.com,NEW,Grade B,NO,No,Verified supplier test record 74
test75,Trader,Yinglima Supplier 6,Tech/Feed Grade Ingredients,Spares for Band Sealer,Spare Parts 1,China,Zhejiang,Shanghai,Industrial Zone 16,No. 750 Industry Road,Mr. Manager 75,+86 13800000075,supplier75@yinglima.com,NEW,Grade A,NO,No,Verified supplier test record 75
test76,Manufacturer,Yinglima Supplier 7,Filteration,Vacuum Packers,Spare Parts 2,China,Zhejiang,Guangzhou,Industrial Zone 17,No. 760 Industry Road,Mr. Manager 76,+86 13800000076,supplier76@yinglima.com,NEW,Grade B,NO,Yes,Verified supplier test record 76
test77,Trader,Yinglima Supplier 8,Pumps,Solvents,Spare Parts 3,China,Zhejiang,Shenzhen,Industrial Zone 18,No. 770 Industry Road,Mr. Manager 77,+86 13800000077,supplier77@yinglima.com,NEW,Grade C,NO,No,Verified supplier test record 77
test78,Manufacturer,Yinglima Supplier 9,Machines,Band Sealer,Spare Parts 4,China,Zhejiang,Jinan,Industrial Zone 19,No. 780 Industry Road,Mr. Manager 78,+86 13800000078,supplier78@yinglima.com,NEW,Grade A,NO,No,Verified supplier test record 78
test79,Trader,Yinglima Supplier 10,Food Ingredients,Citric Acid,Spare Parts 5,China,Zhejiang,Yiwu,Industrial Zone 20,No. 790 Industry Road,Mr. Manager 79,+86 13800000079,supplier79@yinglima.com,NEW,Grade C,NO,No,Verified supplier test record 79
test80,Manufacturer,Yinglima Supplier 1,Chemicals,Caustic Soda,Spare Parts 1,China,Zhejiang,Wenzhou,Industrial Zone 1,No. 800 Industry Road,Mr. Manager 80,+86 13800000080,supplier80@yinglima.com,NEW,Grade B,NO,Yes,Verified supplier test record 80
test81,Trader,Yinglima Supplier 2,Tech/Feed Grade Ingredients,Spares for Band Sealer,Spare Parts 2,China,Zhejiang,Hangzhou,Industrial Zone 2,No. 810 Industry Road,Mr. Manager 81,+86 13800000081,supplier81@yinglima.com,NEW,Grade A,NO,No,Verified supplier test record 81
test82,Manufacturer,Yinglima Supplier 3,Filteration,Vacuum Packers,Spare Parts 3,China,Zhejiang,Ningbo,Industrial Zone 3,No. 820 Industry Road,Mr. Manager 82,+86 13800000082,supplier82@yinglima.com,NEW,Grade B,NO,No,Verified supplier test record 82
test83,Trader,Yinglima Supplier 4,Pumps,Solvents,Spare Parts 4,China,Zhejiang,Qingdao,Industrial Zone 4,No. 830 Industry Road,Mr. Manager 83,+86 13800000083,supplier83@yinglima.com,NEW,Grade C,NO,No,Verified supplier test record 83
test84,Manufacturer,Yinglima Supplier 5,Machines,Band Sealer,Spare Parts 5,China,Zhejiang,Weifang,Industrial Zone 5,No. 840 Industry Road,Mr. Manager 84,+86 13800000084,supplier84@yinglima.com,NEW,Grade A,NO,Yes,Verified supplier test record 84
test85,Trader,Yinglima Supplier 6,Food Ingredients,Citric Acid,Spare Parts 1,China,Zhejiang,Shanghai,Industrial Zone 6,No. 850 Industry Road,Mr. Manager 85,+86 13800000085,supplier85@yinglima.com,NEW,Grade C,NO,No,Verified supplier test record 85
test86,Manufacturer,Yinglima Supplier 7,Chemicals,Caustic Soda,Spare Parts 2,China,Zhejiang,Guangzhou,Industrial Zone 7,No. 860 Industry Road,Mr. Manager 86,+86 13800000086,supplier86@yinglima.com,NEW,Grade B,NO,No,Verified supplier test record 86
test87,Trader,Yinglima Supplier 8,Tech/Feed Grade Ingredients,Spares for Band Sealer,Spare Parts 3,China,Zhejiang,Shenzhen,Industrial Zone 8,No. 870 Industry Road,Mr. Manager 87,+86 13800000087,supplier87@yinglima.com,NEW,Grade A,NO,No,Verified supplier test record 87
test88,Manufacturer,Yinglima Supplier 9,Filteration,Vacuum Packers,Spare Parts 4,China,Zhejiang,Jinan,Industrial Zone 9,No. 880 Industry Road,Mr. Manager 88,+86 13800000088,supplier88@yinglima.com,NEW,Grade B,NO,Yes,Verified supplier test record 88
test89,Trader,Yinglima Supplier 10,Pumps,Solvents,Spare Parts 5,China,Zhejiang,Yiwu,Industrial Zone 10,No. 890 Industry Road,Mr. Manager 89,+86 13800000089,supplier89@yinglima.com,NEW,Grade C,NO,No,Verified supplier test record 89
test90,Manufacturer,Yinglima Supplier 1,Machines,Band Sealer,Spare Parts 1,China,Zhejiang,Wenzhou,Industrial Zone 11,No. 900 Industry Road,Mr. Manager 90,+86 13800000090,supplier90@yinglima.com,NEW,Grade A,NO,No,Verified supplier test record 90
test91,Trader,Yinglima Supplier 2,Food Ingredients,Citric Acid,Spare Parts 2,China,Zhejiang,Hangzhou,Industrial Zone 12,No. 910 Industry Road,Mr. Manager 91,+86 13800000091,supplier91@yinglima.com,NEW,Grade C,NO,No,Verified supplier test record 91
test92,Manufacturer,Yinglima Supplier 3,Chemicals,Caustic Soda,Spare Parts 3,China,Zhejiang,Ningbo,Industrial Zone 13,No. 920 Industry Road,Mr. Manager 92,+86 13800000092,supplier92@yinglima.com,NEW,Grade B,NO,Yes,Verified supplier test record 92
test93,Trader,Yinglima Supplier 4,Tech/Feed Grade Ingredients,Spares for Band Sealer,Spare Parts 4,China,Zhejiang,Qingdao,Industrial Zone 14,No. 930 Industry Road,Mr. Manager 93,+86 13800000093,supplier93@yinglima.com,NEW,Grade A,NO,No,Verified supplier test record 93
test94,Manufacturer,Yinglima Supplier 5,Filteration,Vacuum Packers,Spare Parts 5,China,Zhejiang,Weifang,Industrial Zone 15,No. 940 Industry Road,Mr. Manager 94,+86 13800000094,supplier94@yinglima.com,NEW,Grade B,NO,No,Verified supplier test record 94
test95,Trader,Yinglima Supplier 6,Pumps,Solvents,Spare Parts 1,China,Zhejiang,Shanghai,Industrial Zone 16,No. 950 Industry Road,Mr. Manager 95,+86 13800000095,supplier95@yinglima.com,NEW,Grade C,NO,No,Verified supplier test record 95
test96,Manufacturer,Yinglima Supplier 7,Machines,Band Sealer,Spare Parts 2,China,Zhejiang,Guangzhou,Industrial Zone 17,No. 960 Industry Road,Mr. Manager 96,+86 13800000096,supplier96@yinglima.com,NEW,Grade A,NO,Yes,Verified supplier test record 96
test97,Trader,Yinglima Supplier 8,Food Ingredients,Citric Acid,Spare Parts 3,China,Zhejiang,Shenzhen,Industrial Zone 18,No. 970 Industry Road,Mr. Manager 97,+86 13800000097,supplier97@yinglima.com,NEW,Grade C,NO,No,Verified supplier test record 97
test98,Manufacturer,Yinglima Supplier 9,Chemicals,Caustic Soda,Spare Parts 4,China,Zhejiang,Jinan,Industrial Zone 19,No. 980 Industry Road,Mr. Manager 98,+86 13800000098,supplier98@yinglima.com,NEW,Grade B,NO,No,Verified supplier test record 98
test99,Trader,Yinglima Supplier 10,Tech/Feed Grade Ingredients,Spares for Band Sealer,Spare Parts 5,China,Zhejiang,Yiwu,Industrial Zone 20,No. 990 Industry Road,Mr. Manager 99,+86 13800000099,supplier99@yinglima.com,NEW,Grade A,NO,No,Verified supplier test record 99
test100,Manufacturer,Yinglima Supplier 1,Filteration,Vacuum Packers,Spare Parts 1,China,Zhejiang,Wenzhou,Industrial Zone 1,No. 1000 Industry Road,Mr. Manager 100,+86 13800000100,supplier100@yinglima.com,NEW,Grade B,NO,Yes,Verified supplier test record 100
test101,Trader,Yinglima Supplier 2,Pumps,Solvents,Spare Parts 2,China,Zhejiang,Hangzhou,Industrial Zone 2,No. 1010 Industry Road,Mr. Manager 101,+86 13800000101,supplier101@yinglima.com,NEW,Grade C,NO,No,Verified supplier test record 101
test102,Manufacturer,Yinglima Supplier 3,Machines,Band Sealer,Spare Parts 3,China,Zhejiang,Ningbo,Industrial Zone 3,No. 1020 Industry Road,Mr. Manager 102,+86 13800000102,supplier102@yinglima.com,NEW,Grade A,NO,No,Verified supplier test record 102
test103,Trader,Yinglima Supplier 4,Food Ingredients,Citric Acid,Spare Parts 4,China,Zhejiang,Qingdao,Industrial Zone 4,No. 1030 Industry Road,Mr. Manager 103,+86 13800000103,supplier103@yinglima.com,NEW,Grade C,NO,No,Verified supplier test record 103
test104,Manufacturer,Yinglima Supplier 5,Chemicals,Caustic Soda,Spare Parts 5,China,Zhejiang,Weifang,Industrial Zone 5,No. 1040 Industry Road,Mr. Manager 104,+86 13800000104,supplier104@yinglima.com,NEW,Grade B,NO,Yes,Verified supplier test record 104
test105,Trader,Yinglima Supplier 6,Tech/Feed Grade Ingredients,Spares for Band Sealer,Spare Parts 1,China,Zhejiang,Shanghai,Industrial Zone 6,No. 1050 Industry Road,Mr. Manager 105,+86 13800000105,supplier105@yinglima.com,NEW,Grade A,NO,No,Verified supplier test record 105
test106,Manufacturer,Yinglima Supplier 7,Filteration,Vacuum Packers,Spare Parts 2,China,Zhejiang,Guangzhou,Industrial Zone 7,No. 1060 Industry Road,Mr. Manager 106,+86 13800000106,supplier106@yinglima.com,NEW,Grade B,NO,No,Verified supplier test record 106
test107,Trader,Yinglima Supplier 8,Pumps,Solvents,Spare Parts 3,China,Zhejiang,Shenzhen,Industrial Zone 8,No. 1070 Industry Road,Mr. Manager 107,+86 13800000107,supplier107@yinglima.com,NEW,Grade C,NO,No,Verified supplier test record 107
test108,Manufacturer,Yinglima Supplier 9,Machines,Band Sealer,Spare Parts 4,China,Zhejiang,Jinan,Industrial Zone 9,No. 1080 Industry Road,Mr. Manager 108,+86 13800000108,supplier108@yinglima.com,NEW,Grade A,NO,Yes,Verified supplier test record 108
test109,Trader,Yinglima Supplier 10,Food Ingredients,Citric Acid,Spare Parts 5,China,Zhejiang,Yiwu,Industrial Zone 10,No. 1090 Industry Road,Mr. Manager 109,+86 13800000109,supplier109@yinglima.com,NEW,Grade C,NO,No,Verified supplier test record 109
test110,Manufacturer,Yinglima Supplier 1,Chemicals,Caustic Soda,Spare Parts 1,China,Zhejiang,Wenzhou,Industrial Zone 11,No. 1100 Industry Road,Mr. Manager 110,+86 13800000110,supplier110@yinglima.com,NEW,Grade B,NO,No,Verified supplier test record 110
test111,Trader,Yinglima Supplier 2,Tech/Feed Grade Ingredients,Spares for Band Sealer,Spare Parts 2,China,Zhejiang,Hangzhou,Industrial Zone 12,No. 1110 Industry Road,Mr. Manager 111,+86 13800000111,supplier111@yinglima.com,NEW,Grade A,NO,No,Verified supplier test record 111
test112,Manufacturer,Yinglima Supplier 3,Filteration,Vacuum Packers,Spare Parts 3,China,Zhejiang,Ningbo,Industrial Zone 13,No. 1120 Industry Road,Mr. Manager 112,+86 13800000112,supplier112@yinglima.com,NEW,Grade B,NO,Yes,Verified supplier test record 112
test113,Trader,Yinglima Supplier 4,Pumps,Solvents,Spare Parts 4,China,Zhejiang,Qingdao,Industrial Zone 14,No. 1130 Industry Road,Mr. Manager 113,+86 13800000113,supplier113@yinglima.com,NEW,Grade C,NO,No,Verified supplier test record 113
test114,Manufacturer,Yinglima Supplier 5,Machines,Band Sealer,Spare Parts 5,China,Zhejiang,Weifang,Industrial Zone 15,No. 1140 Industry Road,Mr. Manager 114,+86 13800000114,supplier114@yinglima.com,NEW,Grade A,NO,No,Verified supplier test record 114
test115,Trader,Yinglima Supplier 6,Food Ingredients,Citric Acid,Spare Parts 1,China,Zhejiang,Shanghai,Industrial Zone 16,No. 1150 Industry Road,Mr. Manager 115,+86 13800000115,supplier115@yinglima.com,NEW,Grade C,NO,No,Verified supplier test record 115
test116,Manufacturer,Yinglima Supplier 7,Chemicals,Caustic Soda,Spare Parts 2,China,Zhejiang,Guangzhou,Industrial Zone 17,No. 1160 Industry Road,Mr. Manager 116,+86 13800000116,supplier116@yinglima.com,NEW,Grade B,NO,Yes,Verified supplier test record 116
test117,Trader,Yinglima Supplier 8,Tech/Feed Grade Ingredients,Spares for Band Sealer,Spare Parts 3,China,Zhejiang,Shenzhen,Industrial Zone 18,No. 1170 Industry Road,Mr. Manager 117,+86 13800000117,supplier117@yinglima.com,NEW,Grade A,NO,No,Verified supplier test record 117
test118,Manufacturer,Yinglima Supplier 9,Filteration,Vacuum Packers,Spare Parts 4,China,Zhejiang,Jinan,Industrial Zone 19,No. 1180 Industry Road,Mr. Manager 118,+86 13800000118,supplier118@yinglima.com,NEW,Grade B,NO,No,Verified supplier test record 118
test119,Trader,Yinglima Supplier 10,Pumps,Solvents,Spare Parts 5,China,Zhejiang,Yiwu,Industrial Zone 20,No. 1190 Industry Road,Mr. Manager 119,+86 13800000119,supplier119@yinglima.com,NEW,Grade C,NO,No,Verified supplier test record 119
test120,Manufacturer,Yinglima Supplier 1,Machines,Band Sealer,Spare Parts 1,China,Zhejiang,Wenzhou,Industrial Zone 1,No. 1200 Industry Road,Mr. Manager 120,+86 13800000120,supplier120@yinglima.com,NEW,Grade A,NO,Yes,Verified supplier test record 120
test121,Trader,Yinglima Supplier 2,Food Ingredients,Citric Acid,Spare Parts 2,China,Zhejiang,Hangzhou,Industrial Zone 2,No. 1210 Industry Road,Mr. Manager 121,+86 13800000121,supplier121@yinglima.com,NEW,Grade C,NO,No,Verified supplier test record 121
test122,Manufacturer,Yinglima Supplier 3,Chemicals,Caustic Soda,Spare Parts 3,China,Zhejiang,Ningbo,Industrial Zone 3,No. 1220 Industry Road,Mr. Manager 122,+86 13800000122,supplier122@yinglima.com,NEW,Grade B,NO,No,Verified supplier test record 122
test123,Trader,Yinglima Supplier 4,Tech/Feed Grade Ingredients,Spares for Band Sealer,Spare Parts 4,China,Zhejiang,Qingdao,Industrial Zone 4,No. 1230 Industry Road,Mr. Manager 123,+86 13800000123,supplier123@yinglima.com,NEW,Grade A,NO,No,Verified supplier test record 123
test124,Manufacturer,Yinglima Supplier 5,Filteration,Vacuum Packers,Spare Parts 5,China,Zhejiang,Weifang,Industrial Zone 5,No. 1240 Industry Road,Mr. Manager 124,+86 13800000124,supplier124@yinglima.com,NEW,Grade B,NO,Yes,Verified supplier test record 124
test125,Trader,Yinglima Supplier 6,Pumps,Solvents,Spare Parts 1,China,Zhejiang,Shanghai,Industrial Zone 6,No. 1250 Industry Road,Mr. Manager 125,+86 13800000125,supplier125@yinglima.com,NEW,Grade C,NO,No,Verified supplier test record 125
test126,Manufacturer,Yinglima Supplier 7,Machines,Band Sealer,Spare Parts 2,China,Zhejiang,Guangzhou,Industrial Zone 7,No. 1260 Industry Road,Mr. Manager 126,+86 13800000126,supplier126@yinglima.com,NEW,Grade A,NO,No,Verified supplier test record 126
test127,Trader,Yinglima Supplier 8,Food Ingredients,Citric Acid,Spare Parts 3,China,Zhejiang,Shenzhen,Industrial Zone 8,No. 1270 Industry Road,Mr. Manager 127,+86 13800000127,supplier127@yinglima.com,NEW,Grade C,NO,No,Verified supplier test record 127
test128,Manufacturer,Yinglima Supplier 9,Chemicals,Caustic Soda,Spare Parts 4,China,Zhejiang,Jinan,Industrial Zone 9,No. 1280 Industry Road,Mr. Manager 128,+86 13800000128,supplier128@yinglima.com,NEW,Grade B,NO,Yes,Verified supplier test record 128
test129,Trader,Yinglima Supplier 10,Tech/Feed Grade Ingredients,Spares for Band Sealer,Spare Parts 5,China,Zhejiang,Yiwu,Industrial Zone 10,No. 1290 Industry Road,Mr. Manager 129,+86 13800000129,supplier129@yinglima.com,NEW,Grade A,NO,No,Verified supplier test record 129
test130,Manufacturer,Yinglima Supplier 1,Filteration,Vacuum Packers,Spare Parts 1,China,Zhejiang,Wenzhou,Industrial Zone 11,No. 1300 Industry Road,Mr. Manager 130,+86 13800000130,supplier130@yinglima.com,NEW,Grade B,NO,No,Verified supplier test record 130
test131,Trader,Yinglima Supplier 2,Pumps,Solvents,Spare Parts 2,China,Zhejiang,Hangzhou,Industrial Zone 12,No. 1310 Industry Road,Mr. Manager 131,+86 13800000131,supplier131@yinglima.com,NEW,Grade C,NO,No,Verified supplier test record 131
test132,Manufacturer,Yinglima Supplier 3,Machines,Band Sealer,Spare Parts 3,China,Zhejiang,Ningbo,Industrial Zone 13,No. 1320 Industry Road,Mr. Manager 132,+86 13800000132,supplier132@yinglima.com,NEW,Grade A,NO,Yes,Verified supplier test record 132
test133,Trader,Yinglima Supplier 4,Food Ingredients,Citric Acid,Spare Parts 4,China,Zhejiang,Qingdao,Industrial Zone 14,No. 1330 Industry Road,Mr. Manager 133,+86 13800000133,supplier133@yinglima.com,NEW,Grade C,NO,No,Verified supplier test record 133
test134,Manufacturer,Yinglima Supplier 5,Chemicals,Caustic Soda,Spare Parts 5,China,Zhejiang,Weifang,Industrial Zone 15,No. 1340 Industry Road,Mr. Manager 134,+86 13800000134,supplier134@yinglima.com,NEW,Grade B,NO,No,Verified supplier test record 134
test135,Trader,Yinglima Supplier 6,Tech/Feed Grade Ingredients,Spares for Band Sealer,Spare Parts 1,China,Zhejiang,Shanghai,Industrial Zone 16,No. 1350 Industry Road,Mr. Manager 135,+86 13800000135,supplier135@yinglima.com,NEW,Grade A,NO,No,Verified supplier test record 135
test136,Manufacturer,Yinglima Supplier 7,Filteration,Vacuum Packers,Spare Parts 2,China,Zhejiang,Guangzhou,Industrial Zone 17,No. 1360 Industry Road,Mr. Manager 136,+86 13800000136,supplier136@yinglima.com,NEW,Grade B,NO,Yes,Verified supplier test record 136
test137,Trader,Yinglima Supplier 8,Pumps,Solvents,Spare Parts 3,China,Zhejiang,Shenzhen,Industrial Zone 18,No. 1370 Industry Road,Mr. Manager 137,+86 13800000137,supplier137@yinglima.com,NEW,Grade C,NO,No,Verified supplier test record 137
test138,Manufacturer,Yinglima Supplier 9,Machines,Band Sealer,Spare Parts 4,China,Zhejiang,Jinan,Industrial Zone 19,No. 1380 Industry Road,Mr. Manager 138,+86 13800000138,supplier138@yinglima.com,NEW,Grade A,NO,No,Verified supplier test record 138
test139,Trader,Yinglima Supplier 10,Food Ingredients,Citric Acid,Spare Parts 5,China,Zhejiang,Yiwu,Industrial Zone 20,No. 1390 Industry Road,Mr. Manager 139,+86 13800000139,supplier139@yinglima.com,NEW,Grade C,NO,No,Verified supplier test record 139
test140,Manufacturer,Yinglima Supplier 1,Chemicals,Caustic Soda,Spare Parts 1,China,Zhejiang,Wenzhou,Industrial Zone 1,No. 1400 Industry Road,Mr. Manager 140,+86 13800000140,supplier140@yinglima.com,NEW,Grade B,NO,Yes,Verified supplier test record 140
test141,Trader,Yinglima Supplier 2,Tech/Feed Grade Ingredients,Spares for Band Sealer,Spare Parts 2,China,Zhejiang,Hangzhou,Industrial Zone 2,No. 1410 Industry Road,Mr. Manager 141,+86 13800000141,supplier141@yinglima.com,NEW,Grade A,NO,No,Verified supplier test record 141
test142,Manufacturer,Yinglima Supplier 3,Filteration,Vacuum Packers,Spare Parts 3,China,Zhejiang,Ningbo,Industrial Zone 3,No. 1420 Industry Road,Mr. Manager 142,+86 13800000142,supplier142@yinglima.com,NEW,Grade B,NO,No,Verified supplier test record 142
test143,Trader,Yinglima Supplier 4,Pumps,Solvents,Spare Parts 4,China,Zhejiang,Qingdao,Industrial Zone 4,No. 1430 Industry Road,Mr. Manager 143,+86 13800000143,supplier143@yinglima.com,NEW,Grade C,NO,No,Verified supplier test record 143
test144,Manufacturer,Yinglima Supplier 5,Machines,Band Sealer,Spare Parts 5,China,Zhejiang,Weifang,Industrial Zone 5,No. 1440 Industry Road,Mr. Manager 144,+86 13800000144,supplier144@yinglima.com,NEW,Grade A,NO,Yes,Verified supplier test record 144
test145,Trader,Yinglima Supplier 6,Food Ingredients,Citric Acid,Spare Parts 1,China,Zhejiang,Shanghai,Industrial Zone 6,No. 1450 Industry Road,Mr. Manager 145,+86 13800000145,supplier145@yinglima.com,NEW,Grade C,NO,No,Verified supplier test record 145
test146,Manufacturer,Yinglima Supplier 7,Chemicals,Caustic Soda,Spare Parts 2,China,Zhejiang,Guangzhou,Industrial Zone 7,No. 1460 Industry Road,Mr. Manager 146,+86 13800000146,supplier146@yinglima.com,NEW,Grade B,NO,No,Verified supplier test record 146
test147,Trader,Yinglima Supplier 8,Tech/Feed Grade Ingredients,Spares for Band Sealer,Spare Parts 3,China,Zhejiang,Shenzhen,Industrial Zone 8,No. 1470 Industry Road,Mr. Manager 147,+86 13800000147,supplier147@yinglima.com,NEW,Grade A,NO,No,Verified supplier test record 147
test148,Manufacturer,Yinglima Supplier 9,Filteration,Vacuum Packers,Spare Parts 4,China,Zhejiang,Jinan,Industrial Zone 9,No. 1480 Industry Road,Mr. Manager 148,+86 13800000148,supplier148@yinglima.com,NEW,Grade B,NO,Yes,Verified supplier test record 148
test149,Trader,Yinglima Supplier 10,Pumps,Solvents,Spare Parts 5,China,Zhejiang,Yiwu,Industrial Zone 10,No. 1490 Industry Road,Mr. Manager 149,+86 13800000149,supplier149@yinglima.com,NEW,Grade C,NO,No,Verified supplier test record 149
test150,Manufacturer,Yinglima Supplier 1,Machines,Band Sealer,Spare Parts 1,China,Zhejiang,Wenzhou,Industrial Zone 11,No. 1500 Industry Road,Mr. Manager 150,+86 13800000150,supplier150@yinglima.com,NEW,Grade A,NO,No,Verified supplier test record 150
test151,Trader,Yinglima Supplier 2,Food Ingredients,Citric Acid,Spare Parts 2,China,Zhejiang,Hangzhou,Industrial Zone 12,No. 1510 Industry Road,Mr. Manager 151,+86 13800000151,supplier151@yinglima.com,NEW,Grade C,NO,No,Verified supplier test record 151
test152,Manufacturer,Yinglima Supplier 3,Chemicals,Caustic Soda,Spare Parts 3,China,Zhejiang,Ningbo,Industrial Zone 13,No. 1520 Industry Road,Mr. Manager 152,+86 13800000152,supplier152@yinglima.com,NEW,Grade B,NO,Yes,Verified supplier test record 152
test153,Trader,Yinglima Supplier 4,Tech/Feed Grade Ingredients,Spares for Band Sealer,Spare Parts 4,China,Zhejiang,Qingdao,Industrial Zone 14,No. 1530 Industry Road,Mr. Manager 153,+86 13800000153,supplier153@yinglima.com,NEW,Grade A,NO,No,Verified supplier test record 153
test154,Manufacturer,Yinglima Supplier 5,Filteration,Vacuum Packers,Spare Parts 5,China,Zhejiang,Weifang,Industrial Zone 15,No. 1540 Industry Road,Mr. Manager 154,+86 13800000154,supplier154@yinglima.com,NEW,Grade B,NO,No,Verified supplier test record 154
test155,Trader,Yinglima Supplier 6,Pumps,Solvents,Spare Parts 1,China,Zhejiang,Shanghai,Industrial Zone 16,No. 1550 Industry Road,Mr. Manager 155,+86 13800000155,supplier155@yinglima.com,NEW,Grade C,NO,No,Verified supplier test record 155
test156,Manufacturer,Yinglima Supplier 7,Machines,Band Sealer,Spare Parts 2,China,Zhejiang,Guangzhou,Industrial Zone 17,No. 1560 Industry Road,Mr. Manager 156,+86 13800000156,supplier156@yinglima.com,NEW,Grade A,NO,Yes,Verified supplier test record 156
test157,Trader,Yinglima Supplier 8,Food Ingredients,Citric Acid,Spare Parts 3,China,Zhejiang,Shenzhen,Industrial Zone 18,No. 1570 Industry Road,Mr. Manager 157,+86 13800000157,supplier157@yinglima.com,NEW,Grade C,NO,No,Verified supplier test record 157
test158,Manufacturer,Yinglima Supplier 9,Chemicals,Caustic Soda,Spare Parts 4,China,Zhejiang,Jinan,Industrial Zone 19,No. 1580 Industry Road,Mr. Manager 158,+86 13800000158,supplier158@yinglima.com,NEW,Grade B,NO,No,Verified supplier test record 158
test159,Trader,Yinglima Supplier 10,Tech/Feed Grade Ingredients,Spares for Band Sealer,Spare Parts 5,China,Zhejiang,Yiwu,Industrial Zone 20,No. 1590 Industry Road,Mr. Manager 159,+86 13800000159,supplier159@yinglima.com,NEW,Grade A,NO,No,Verified supplier test record 159
test160,Manufacturer,Yinglima Supplier 1,Filteration,Vacuum Packers,Spare Parts 1,China,Zhejiang,Wenzhou,Industrial Zone 1,No. 1600 Industry Road,Mr. Manager 160,+86 13800000160,supplier160@yinglima.com,NEW,Grade B,NO,Yes,Verified supplier test record 160
test161,Trader,Yinglima Supplier 2,Pumps,Solvents,Spare Parts 2,China,Zhejiang,Hangzhou,Industrial Zone 2,No. 1610 Industry Road,Mr. Manager 161,+86 13800000161,supplier161@yinglima.com,NEW,Grade C,NO,No,Verified supplier test record 161
test162,Manufacturer,Yinglima Supplier 3,Machines,Band Sealer,Spare Parts 3,China,Zhejiang,Ningbo,Industrial Zone 3,No. 1620 Industry Road,Mr. Manager 162,+86 13800000162,supplier162@yinglima.com,NEW,Grade A,NO,No,Verified supplier test record 162
test163,Trader,Yinglima Supplier 4,Food Ingredients,Citric Acid,Spare Parts 4,China,Zhejiang,Qingdao,Industrial Zone 4,No. 1630 Industry Road,Mr. Manager 163,+86 13800000163,supplier163@yinglima.com,NEW,Grade C,NO,No,Verified supplier test record 163
test164,Manufacturer,Yinglima Supplier 5,Chemicals,Caustic Soda,Spare Parts 5,China,Zhejiang,Weifang,Industrial Zone 5,No. 1640 Industry Road,Mr. Manager 164,+86 13800000164,supplier164@yinglima.com,NEW,Grade B,NO,Yes,Verified supplier test record 164
test165,Trader,Yinglima Supplier 6,Tech/Feed Grade Ingredients,Spares for Band Sealer,Spare Parts 1,China,Zhejiang,Shanghai,Industrial Zone 6,No. 1650 Industry Road,Mr. Manager 165,+86 13800000165,supplier165@yinglima.com,NEW,Grade A,NO,No,Verified supplier test record 165
test166,Manufacturer,Yinglima Supplier 7,Filteration,Vacuum Packers,Spare Parts 2,China,Zhejiang,Guangzhou,Industrial Zone 7,No. 1660 Industry Road,Mr. Manager 166,+86 13800000166,supplier166@yinglima.com,NEW,Grade B,NO,No,Verified supplier test record 166
test167,Trader,Yinglima Supplier 8,Pumps,Solvents,Spare Parts 3,China,Zhejiang,Shenzhen,Industrial Zone 8,No. 1670 Industry Road,Mr. Manager 167,+86 13800000167,supplier167@yinglima.com,NEW,Grade C,NO,No,Verified supplier test record 167
test168,Manufacturer,Yinglima Supplier 9,Machines,Band Sealer,Spare Parts 4,China,Zhejiang,Jinan,Industrial Zone 9,No. 1680 Industry Road,Mr. Manager 168,+86 13800000168,supplier168@yinglima.com,NEW,Grade A,NO,Yes,Verified supplier test record 168
test169,Trader,Yinglima Supplier 10,Food Ingredients,Citric Acid,Spare Parts 5,China,Zhejiang,Yiwu,Industrial Zone 10,No. 1690 Industry Road,Mr. Manager 169,+86 13800000169,supplier169@yinglima.com,NEW,Grade C,NO,No,Verified supplier test record 169
test170,Manufacturer,Yinglima Supplier 1,Chemicals,Caustic Soda,Spare Parts 1,China,Zhejiang,Wenzhou,Industrial Zone 11,No. 1700 Industry Road,Mr. Manager 170,+86 13800000170,supplier170@yinglima.com,NEW,Grade B,NO,No,Verified supplier test record 170
test171,Trader,Yinglima Supplier 2,Tech/Feed Grade Ingredients,Spares for Band Sealer,Spare Parts 2,China,Zhejiang,Hangzhou,Industrial Zone 12,No. 1710 Industry Road,Mr. Manager 171,+86 13800000171,supplier171@yinglima.com,NEW,Grade A,NO,No,Verified supplier test record 171
test172,Manufacturer,Yinglima Supplier 3,Filteration,Vacuum Packers,Spare Parts 3,China,Zhejiang,Ningbo,Industrial Zone 13,No. 1720 Industry Road,Mr. Manager 172,+86 13800000172,supplier172@yinglima.com,NEW,Grade B,NO,Yes,Verified supplier test record 172
test173,Trader,Yinglima Supplier 4,Pumps,Solvents,Spare Parts 4,China,Zhejiang,Qingdao,Industrial Zone 14,No. 1730 Industry Road,Mr. Manager 173,+86 13800000173,supplier173@yinglima.com,NEW,Grade C,NO,No,Verified supplier test record 173
test174,Manufacturer,Yinglima Supplier 5,Machines,Band Sealer,Spare Parts 5,China,Zhejiang,Weifang,Industrial Zone 15,No. 1740 Industry Road,Mr. Manager 174,+86 13800000174,supplier174@yinglima.com,NEW,Grade A,NO,No,Verified supplier test record 174
test175,Trader,Yinglima Supplier 6,Food Ingredients,Citric Acid,Spare Parts 1,China,Zhejiang,Shanghai,Industrial Zone 16,No. 1750 Industry Road,Mr. Manager 175,+86 13800000175,supplier175@yinglima.com,NEW,Grade C,NO,No,Verified supplier test record 175
test176,Manufacturer,Yinglima Supplier 7,Chemicals,Caustic Soda,Spare Parts 2,China,Zhejiang,Guangzhou,Industrial Zone 17,No. 1760 Industry Road,Mr. Manager 176,+86 13800000176,supplier176@yinglima.com,NEW,Grade B,NO,Yes,Verified supplier test record 176
test177,Trader,Yinglima Supplier 8,Tech/Feed Grade Ingredients,Spares for Band Sealer,Spare Parts 3,China,Zhejiang,Shenzhen,Industrial Zone 18,No. 1770 Industry Road,Mr. Manager 177,+86 13800000177,supplier177@yinglima.com,NEW,Grade A,NO,No,Verified supplier test record 177
test178,Manufacturer,Yinglima Supplier 9,Filteration,Vacuum Packers,Spare Parts 4,China,Zhejiang,Jinan,Industrial Zone 19,No. 1780 Industry Road,Mr. Manager 178,+86 13800000178,supplier178@yinglima.com,NEW,Grade B,NO,No,Verified supplier test record 178
test179,Trader,Yinglima Supplier 10,Pumps,Solvents,Spare Parts 5,China,Zhejiang,Yiwu,Industrial Zone 20,No. 1790 Industry Road,Mr. Manager 179,+86 13800000179,supplier179@yinglima.com,NEW,Grade C,NO,No,Verified supplier test record 179
test180,Manufacturer,Yinglima Supplier 1,Machines,Band Sealer,Spare Parts 1,China,Zhejiang,Wenzhou,Industrial Zone 1,No. 1800 Industry Road,Mr. Manager 180,+86 13800000180,supplier180@yinglima.com,NEW,Grade A,NO,Yes,Verified supplier test record 180
test181,Trader,Yinglima Supplier 2,Food Ingredients,Citric Acid,Spare Parts 2,China,Zhejiang,Hangzhou,Industrial Zone 2,No. 1810 Industry Road,Mr. Manager 181,+86 13800000181,supplier181@yinglima.com,NEW,Grade C,NO,No,Verified supplier test record 181
test182,Manufacturer,Yinglima Supplier 3,Chemicals,Caustic Soda,Spare Parts 3,China,Zhejiang,Ningbo,Industrial Zone 3,No. 1820 Industry Road,Mr. Manager 182,+86 13800000182,supplier182@yinglima.com,NEW,Grade B,NO,No,Verified supplier test record 182
test183,Trader,Yinglima Supplier 4,Tech/Feed Grade Ingredients,Spares for Band Sealer,Spare Parts 4,China,Zhejiang,Qingdao,Industrial Zone 4,No. 1830 Industry Road,Mr. Manager 183,+86 13800000183,supplier183@yinglima.com,NEW,Grade A,NO,No,Verified supplier test record 183
test184,Manufacturer,Yinglima Supplier 5,Filteration,Vacuum Packers,Spare Parts 5,China,Zhejiang,Weifang,Industrial Zone 5,No. 1840 Industry Road,Mr. Manager 184,+86 13800000184,supplier184@yinglima.com,NEW,Grade B,NO,Yes,Verified supplier test record 184
test185,Trader,Yinglima Supplier 6,Pumps,Solvents,Spare Parts 1,China,Zhejiang,Shanghai,Industrial Zone 6,No. 1850 Industry Road,Mr. Manager 185,+86 13800000185,supplier185@yinglima.com,NEW,Grade C,NO,No,Verified supplier test record 185
test186,Manufacturer,Yinglima Supplier 7,Machines,Band Sealer,Spare Parts 2,China,Zhejiang,Guangzhou,Industrial Zone 7,No. 1860 Industry Road,Mr. Manager 186,+86 13800000186,supplier186@yinglima.com,NEW,Grade A,NO,No,Verified supplier test record 186
test187,Trader,Yinglima Supplier 8,Food Ingredients,Citric Acid,Spare Parts 3,China,Zhejiang,Shenzhen,Industrial Zone 8,No. 1870 Industry Road,Mr. Manager 187,+86 13800000187,supplier187@yinglima.com,NEW,Grade C,NO,No,Verified supplier test record 187
test188,Manufacturer,Yinglima Supplier 9,Chemicals,Caustic Soda,Spare Parts 4,China,Zhejiang,Jinan,Industrial Zone 9,No. 1880 Industry Road,Mr. Manager 188,+86 13800000188,supplier188@yinglima.com,NEW,Grade B,NO,Yes,Verified supplier test record 188
test189,Trader,Yinglima Supplier 10,Tech/Feed Grade Ingredients,Spares for Band Sealer,Spare Parts 5,China,Zhejiang,Yiwu,Industrial Zone 10,No. 1890 Industry Road,Mr. Manager 189,+86 13800000189,supplier189@yinglima.com,NEW,Grade A,NO,No,Verified supplier test record 189
test190,Manufacturer,Yinglima Supplier 1,Filteration,Vacuum Packers,Spare Parts 1,China,Zhejiang,Wenzhou,Industrial Zone 11,No. 1900 Industry Road,Mr. Manager 190,+86 13800000190,supplier190@yinglima.com,NEW,Grade B,NO,No,Verified supplier test record 190
test191,Trader,Yinglima Supplier 2,Pumps,Solvents,Spare Parts 2,China,Zhejiang,Hangzhou,Industrial Zone 12,No. 1910 Industry Road,Mr. Manager 191,+86 13800000191,supplier191@yinglima.com,NEW,Grade C,NO,No,Verified supplier test record 191
test192,Manufacturer,Yinglima Supplier 3,Machines,Band Sealer,Spare Parts 3,China,Zhejiang,Ningbo,Industrial Zone 13,No. 1920 Industry Road,Mr. Manager 192,+86 13800000192,supplier192@yinglima.com,NEW,Grade A,NO,Yes,Verified supplier test record 192
test193,Trader,Yinglima Supplier 4,Food Ingredients,Citric Acid,Spare Parts 4,China,Zhejiang,Qingdao,Industrial Zone 14,No. 1930 Industry Road,Mr. Manager 193,+86 13800000193,supplier193@yinglima.com,NEW,Grade C,NO,No,Verified supplier test record 193
test194,Manufacturer,Yinglima Supplier 5,Chemicals,Caustic Soda,Spare Parts 5,China,Zhejiang,Weifang,Industrial Zone 15,No. 1940 Industry Road,Mr. Manager 194,+86 13800000194,supplier194@yinglima.com,NEW,Grade B,NO,No,Verified supplier test record 194
test195,Trader,Yinglima Supplier 6,Tech/Feed Grade Ingredients,Spares for Band Sealer,Spare Parts 1,China,Zhejiang,Shanghai,Industrial Zone 16,No. 1950 Industry Road,Mr. Manager 195,+86 13800000195,supplier195@yinglima.com,NEW,Grade A,NO,No,Verified supplier test record 195
test196,Manufacturer,Yinglima Supplier 7,Filteration,Vacuum Packers,Spare Parts 2,China,Zhejiang,Guangzhou,Industrial Zone 17,No. 1960 Industry Road,Mr. Manager 196,+86 13800000196,supplier196@yinglima.com,NEW,Grade B,NO,Yes,Verified supplier test record 196
test197,Trader,Yinglima Supplier 8,Pumps,Solvents,Spare Parts 3,China,Zhejiang,Shenzhen,Industrial Zone 18,No. 1970 Industry Road,Mr. Manager 197,+86 13800000197,supplier197@yinglima.com,NEW,Grade C,NO,No,Verified supplier test record 197
test198,Manufacturer,Yinglima Supplier 9,Machines,Band Sealer,Spare Parts 4,China,Zhejiang,Jinan,Industrial Zone 19,No. 1980 Industry Road,Mr. Manager 198,+86 13800000198,supplier198@yinglima.com,NEW,Grade A,NO,No,Verified supplier test record 198
test199,Trader,Yinglima Supplier 10,Food Ingredients,Citric Acid,Spare Parts 5,China,Zhejiang,Yiwu,Industrial Zone 20,No. 1990 Industry Road,Mr. Manager 199,+86 13800000199,supplier199@yinglima.com,NEW,Grade C,NO,No,Verified supplier test record 199
test200,Manufacturer,Yinglima Supplier 1,Chemicals,Caustic Soda,Spare Parts 1,China,Zhejiang,Wenzhou,Industrial Zone 1,No. 2000 Industry Road,Mr. Manager 200,+86 13800000200,supplier200@yinglima.com,NEW,Grade B,NO,Yes,Verified supplier test record 200
test201,Trader,Yinglima Supplier 2,Tech/Feed Grade Ingredients,Spares for Band Sealer,Spare Parts 2,China,Zhejiang,Hangzhou,Industrial Zone 2,No. 2010 Industry Road,Mr. Manager 201,+86 13800000201,supplier201@yinglima.com,NEW,Grade A,NO,No,Verified supplier test record 201
test202,Manufacturer,Yinglima Supplier 3,Filteration,Vacuum Packers,Spare Parts 3,China,Zhejiang,Ningbo,Industrial Zone 3,No. 2020 Industry Road,Mr. Manager 202,+86 13800000202,supplier202@yinglima.com,NEW,Grade B,NO,No,Verified supplier test record 202
test203,Trader,Yinglima Supplier 4,Pumps,Solvents,Spare Parts 4,China,Zhejiang,Qingdao,Industrial Zone 4,No. 2030 Industry Road,Mr. Manager 203,+86 13800000203,supplier203@yinglima.com,NEW,Grade C,NO,No,Verified supplier test record 203
test204,Manufacturer,Yinglima Supplier 5,Machines,Band Sealer,Spare Parts 5,China,Zhejiang,Weifang,Industrial Zone 5,No. 2040 Industry Road,Mr. Manager 204,+86 13800000204,supplier204@yinglima.com,NEW,Grade A,NO,Yes,Verified supplier test record 204
test205,Trader,Yinglima Supplier 6,Food Ingredients,Citric Acid,Spare Parts 1,China,Zhejiang,Shanghai,Industrial Zone 6,No. 2050 Industry Road,Mr. Manager 205,+86 13800000205,supplier205@yinglima.com,NEW,Grade C,NO,No,Verified supplier test record 205
test206,Manufacturer,Yinglima Supplier 7,Chemicals,Caustic Soda,Spare Parts 2,China,Zhejiang,Guangzhou,Industrial Zone 7,No. 2060 Industry Road,Mr. Manager 206,+86 13800000206,supplier206@yinglima.com,NEW,Grade B,NO,No,Verified supplier test record 206
test207,Trader,Yinglima Supplier 8,Tech/Feed Grade Ingredients,Spares for Band Sealer,Spare Parts 3,China,Zhejiang,Shenzhen,Industrial Zone 8,No. 2070 Industry Road,Mr. Manager 207,+86 13800000207,supplier207@yinglima.com,NEW,Grade A,NO,No,Verified supplier test record 207
test208,Manufacturer,Yinglima Supplier 9,Filteration,Vacuum Packers,Spare Parts 4,China,Zhejiang,Jinan,Industrial Zone 9,No. 2080 Industry Road,Mr. Manager 208,+86 13800000208,supplier208@yinglima.com,NEW,Grade B,NO,Yes,Verified supplier test record 208
test209,Trader,Yinglima Supplier 10,Pumps,Solvents,Spare Parts 5,China,Zhejiang,Yiwu,Industrial Zone 10,No. 2090 Industry Road,Mr. Manager 209,+86 13800000209,supplier209@yinglima.com,NEW,Grade C,NO,No,Verified supplier test record 209
test210,Manufacturer,Yinglima Supplier 1,Machines,Band Sealer,Spare Parts 1,China,Zhejiang,Wenzhou,Industrial Zone 11,No. 2100 Industry Road,Mr. Manager 210,+86 13800000210,supplier210@yinglima.com,NEW,Grade A,NO,No,Verified supplier test record 210
test211,Trader,Yinglima Supplier 2,Food Ingredients,Citric Acid,Spare Parts 2,China,Zhejiang,Hangzhou,Industrial Zone 12,No. 2110 Industry Road,Mr. Manager 211,+86 13800000211,supplier211@yinglima.com,NEW,Grade C,NO,No,Verified supplier test record 211
test212,Manufacturer,Yinglima Supplier 3,Chemicals,Caustic Soda,Spare Parts 3,China,Zhejiang,Ningbo,Industrial Zone 13,No. 2120 Industry Road,Mr. Manager 212,+86 13800000212,supplier212@yinglima.com,NEW,Grade B,NO,Yes,Verified supplier test record 212
test213,Trader,Yinglima Supplier 4,Tech/Feed Grade Ingredients,Spares for Band Sealer,Spare Parts 4,China,Zhejiang,Qingdao,Industrial Zone 14,No. 2130 Industry Road,Mr. Manager 213,+86 13800000213,supplier213@yinglima.com,NEW,Grade A,NO,No,Verified supplier test record 213
test214,Manufacturer,Yinglima Supplier 5,Filteration,Vacuum Packers,Spare Parts 5,China,Zhejiang,Weifang,Industrial Zone 15,No. 2140 Industry Road,Mr. Manager 214,+86 13800000214,supplier214@yinglima.com,NEW,Grade B,NO,No,Verified supplier test record 214
test215,Trader,Yinglima Supplier 6,Pumps,Solvents,Spare Parts 1,China,Zhejiang,Shanghai,Industrial Zone 16,No. 2150 Industry Road,Mr. Manager 215,+86 13800000215,supplier215@yinglima.com,NEW,Grade C,NO,No,Verified supplier test record 215
test216,Manufacturer,Yinglima Supplier 7,Machines,Band Sealer,Spare Parts 2,China,Zhejiang,Guangzhou,Industrial Zone 17,No. 2160 Industry Road,Mr. Manager 216,+86 13800000216,supplier216@yinglima.com,NEW,Grade A,NO,Yes,Verified supplier test record 216
test217,Trader,Yinglima Supplier 8,Food Ingredients,Citric Acid,Spare Parts 3,China,Zhejiang,Shenzhen,Industrial Zone 18,No. 2170 Industry Road,Mr. Manager 217,+86 13800000217,supplier217@yinglima.com,NEW,Grade C,NO,No,Verified supplier test record 217
test218,Manufacturer,Yinglima Supplier 9,Chemicals,Caustic Soda,Spare Parts 4,China,Zhejiang,Jinan,Industrial Zone 19,No. 2180 Industry Road,Mr. Manager 218,+86 13800000218,supplier218@yinglima.com,NEW,Grade B,NO,No,Verified supplier test record 218
test219,Trader,Yinglima Supplier 10,Tech/Feed Grade Ingredients,Spares for Band Sealer,Spare Parts 5,China,Zhejiang,Yiwu,Industrial Zone 20,No. 2190 Industry Road,Mr. Manager 219,+86 13800000219,supplier219@yinglima.com,NEW,Grade A,NO,No,Verified supplier test record 219
test220,Manufacturer,Yinglima Supplier 1,Filteration,Vacuum Packers,Spare Parts 1,China,Zhejiang,Wenzhou,Industrial Zone 1,No. 2200 Industry Road,Mr. Manager 220,+86 13800000220,supplier220@yinglima.com,NEW,Grade B,NO,Yes,Verified supplier test record 220
test221,Trader,Yinglima Supplier 2,Pumps,Solvents,Spare Parts 2,China,Zhejiang,Hangzhou,Industrial Zone 2,No. 2210 Industry Road,Mr. Manager 221,+86 13800000221,supplier221@yinglima.com,NEW,Grade C,NO,No,Verified supplier test record 221
test222,Manufacturer,Yinglima Supplier 3,Machines,Band Sealer,Spare Parts 3,China,Zhejiang,Ningbo,Industrial Zone 3,No. 2220 Industry Road,Mr. Manager 222,+86 13800000222,supplier222@yinglima.com,NEW,Grade A,NO,No,Verified supplier test record 222
test223,Trader,Yinglima Supplier 4,Food Ingredients,Citric Acid,Spare Parts 4,China,Zhejiang,Qingdao,Industrial Zone 4,No. 2230 Industry Road,Mr. Manager 223,+86 13800000223,supplier223@yinglima.com,NEW,Grade C,NO,No,Verified supplier test record 223
test224,Manufacturer,Yinglima Supplier 5,Chemicals,Caustic Soda,Spare Parts 5,China,Zhejiang,Weifang,Industrial Zone 5,No. 2240 Industry Road,Mr. Manager 224,+86 13800000224,supplier224@yinglima.com,NEW,Grade B,NO,Yes,Verified supplier test record 224
test225,Trader,Yinglima Supplier 6,Tech/Feed Grade Ingredients,Spares for Band Sealer,Spare Parts 1,China,Zhejiang,Shanghai,Industrial Zone 6,No. 2250 Industry Road,Mr. Manager 225,+86 13800000225,supplier225@yinglima.com,NEW,Grade A,NO,No,Verified supplier test record 225
test226,Manufacturer,Yinglima Supplier 7,Filteration,Vacuum Packers,Spare Parts 2,China,Zhejiang,Guangzhou,Industrial Zone 7,No. 2260 Industry Road,Mr. Manager 226,+86 13800000226,supplier226@yinglima.com,NEW,Grade B,NO,No,Verified supplier test record 226
test227,Trader,Yinglima Supplier 8,Pumps,Solvents,Spare Parts 3,China,Zhejiang,Shenzhen,Industrial Zone 8,No. 2270 Industry Road,Mr. Manager 227,+86 13800000227,supplier227@yinglima.com,NEW,Grade C,NO,No,Verified supplier test record 227
test228,Manufacturer,Yinglima Supplier 9,Machines,Band Sealer,Spare Parts 4,China,Zhejiang,Jinan,Industrial Zone 9,No. 2280 Industry Road,Mr. Manager 228,+86 13800000228,supplier228@yinglima.com,NEW,Grade A,NO,Yes,Verified supplier test record 228
test229,Trader,Yinglima Supplier 10,Food Ingredients,Citric Acid,Spare Parts 5,China,Zhejiang,Yiwu,Industrial Zone 10,No. 2290 Industry Road,Mr. Manager 229,+86 13800000229,supplier229@yinglima.com,NEW,Grade C,NO,No,Verified supplier test record 229
test230,Manufacturer,Yinglima Supplier 1,Chemicals,Caustic Soda,Spare Parts 1,China,Zhejiang,Wenzhou,Industrial Zone 11,No. 2300 Industry Road,Mr. Manager 230,+86 13800000230,supplier230@yinglima.com,NEW,Grade B,NO,No,Verified supplier test record 230
test231,Trader,Yinglima Supplier 2,Tech/Feed Grade Ingredients,Spares for Band Sealer,Spare Parts 2,China,Zhejiang,Hangzhou,Industrial Zone 12,No. 2310 Industry Road,Mr. Manager 231,+86 13800000231,supplier231@yinglima.com,NEW,Grade A,NO,No,Verified supplier test record 231
test232,Manufacturer,Yinglima Supplier 3,Filteration,Vacuum Packers,Spare Parts 3,China,Zhejiang,Ningbo,Industrial Zone 13,No. 2320 Industry Road,Mr. Manager 232,+86 13800000232,supplier232@yinglima.com,NEW,Grade B,NO,Yes,Verified supplier test record 232
test233,Trader,Yinglima Supplier 4,Pumps,Solvents,Spare Parts 4,China,Zhejiang,Qingdao,Industrial Zone 14,No. 2330 Industry Road,Mr. Manager 233,+86 13800000233,supplier233@yinglima.com,NEW,Grade C,NO,No,Verified supplier test record 233
test234,Manufacturer,Yinglima Supplier 5,Machines,Band Sealer,Spare Parts 5,China,Zhejiang,Weifang,Industrial Zone 15,No. 2340 Industry Road,Mr. Manager 234,+86 13800000234,supplier234@yinglima.com,NEW,Grade A,NO,No,Verified supplier test record 234
test235,Trader,Yinglima Supplier 6,Food Ingredients,Citric Acid,Spare Parts 1,China,Zhejiang,Shanghai,Industrial Zone 16,No. 2350 Industry Road,Mr. Manager 235,+86 13800000235,supplier235@yinglima.com,NEW,Grade C,NO,No,Verified supplier test record 235
test236,Manufacturer,Yinglima Supplier 7,Chemicals,Caustic Soda,Spare Parts 2,China,Zhejiang,Guangzhou,Industrial Zone 17,No. 2360 Industry Road,Mr. Manager 236,+86 13800000236,supplier236@yinglima.com,NEW,Grade B,NO,Yes,Verified supplier test record 236
test237,Trader,Yinglima Supplier 8,Tech/Feed Grade Ingredients,Spares for Band Sealer,Spare Parts 3,China,Zhejiang,Shenzhen,Industrial Zone 18,No. 2370 Industry Road,Mr. Manager 237,+86 13800000237,supplier237@yinglima.com,NEW,Grade A,NO,No,Verified supplier test record 237
test238,Manufacturer,Yinglima Supplier 9,Filteration,Vacuum Packers,Spare Parts 4,China,Zhejiang,Jinan,Industrial Zone 19,No. 2380 Industry Road,Mr. Manager 238,+86 13800000238,supplier238@yinglima.com,NEW,Grade B,NO,No,Verified supplier test record 238
test239,Trader,Yinglima Supplier 10,Pumps,Solvents,Spare Parts 5,China,Zhejiang,Yiwu,Industrial Zone 20,No. 2390 Industry Road,Mr. Manager 239,+86 13800000239,supplier239@yinglima.com,NEW,Grade C,NO,No,Verified supplier test record 239
test240,Manufacturer,Yinglima Supplier 1,Machines,Band Sealer,Spare Parts 1,China,Zhejiang,Wenzhou,Industrial Zone 1,No. 2400 Industry Road,Mr. Manager 240,+86 13800000240,supplier240@yinglima.com,NEW,Grade A,NO,Yes,Verified supplier test record 240
test241,Trader,Yinglima Supplier 2,Food Ingredients,Citric Acid,Spare Parts 2,China,Zhejiang,Hangzhou,Industrial Zone 2,No. 2410 Industry Road,Mr. Manager 241,+86 13800000241,supplier241@yinglima.com,NEW,Grade C,NO,No,Verified supplier test record 241
test242,Manufacturer,Yinglima Supplier 3,Chemicals,Caustic Soda,Spare Parts 3,China,Zhejiang,Ningbo,Industrial Zone 3,No. 2420 Industry Road,Mr. Manager 242,+86 13800000242,supplier242@yinglima.com,NEW,Grade B,NO,No,Verified supplier test record 242
test243,Trader,Yinglima Supplier 4,Tech/Feed Grade Ingredients,Spares for Band Sealer,Spare Parts 4,China,Zhejiang,Qingdao,Industrial Zone 4,No. 2430 Industry Road,Mr. Manager 243,+86 13800000243,supplier243@yinglima.com,NEW,Grade A,NO,No,Verified supplier test record 243
test244,Manufacturer,Yinglima Supplier 5,Filteration,Vacuum Packers,Spare Parts 5,China,Zhejiang,Weifang,Industrial Zone 5,No. 2440 Industry Road,Mr. Manager 244,+86 13800000244,supplier244@yinglima.com,NEW,Grade B,NO,Yes,Verified supplier test record 244
test245,Trader,Yinglima Supplier 6,Pumps,Solvents,Spare Parts 1,China,Zhejiang,Shanghai,Industrial Zone 6,No. 2450 Industry Road,Mr. Manager 245,+86 13800000245,supplier245@yinglima.com,NEW,Grade C,NO,No,Verified supplier test record 245
test246,Manufacturer,Yinglima Supplier 7,Machines,Band Sealer,Spare Parts 2,China,Zhejiang,Guangzhou,Industrial Zone 7,No. 2460 Industry Road,Mr. Manager 246,+86 13800000246,supplier246@yinglima.com,NEW,Grade A,NO,No,Verified supplier test record 246
test247,Trader,Yinglima Supplier 8,Food Ingredients,Citric Acid,Spare Parts 3,China,Zhejiang,Shenzhen,Industrial Zone 8,No. 2470 Industry Road,Mr. Manager 247,+86 13800000247,supplier247@yinglima.com,NEW,Grade C,NO,No,Verified supplier test record 247
test248,Manufacturer,Yinglima Supplier 9,Chemicals,Caustic Soda,Spare Parts 4,China,Zhejiang,Jinan,Industrial Zone 9,No. 2480 Industry Road,Mr. Manager 248,+86 13800000248,supplier248@yinglima.com,NEW,Grade B,NO,Yes,Verified supplier test record 248
test249,Trader,Yinglima Supplier 10,Tech/Feed Grade Ingredients,Spares for Band Sealer,Spare Parts 5,China,Zhejiang,Yiwu,Industrial Zone 10,No. 2490 Industry Road,Mr. Manager 249,+86 13800000249,supplier249@yinglima.com,NEW,Grade A,NO,No,Verified supplier test record 249
test250,Manufacturer,Yinglima Supplier 1,Filteration,Vacuum Packers,Spare Parts 1,China,Zhejiang,Wenzhou,Industrial Zone 11,No. 2500 Industry Road,Mr. Manager 250,+86 13800000250,supplier250@yinglima.com,NEW,Grade B,NO,No,Verified supplier test record 250
test251,Trader,Yinglima Supplier 2,Pumps,Solvents,Spare Parts 2,China,Zhejiang,Hangzhou,Industrial Zone 12,No. 2510 Industry Road,Mr. Manager 251,+86 13800000251,supplier251@yinglima.com,NEW,Grade C,NO,No,Verified supplier test record 251
test252,Manufacturer,Yinglima Supplier 3,Machines,Band Sealer,Spare Parts 3,China,Zhejiang,Ningbo,Industrial Zone 13,No. 2520 Industry Road,Mr. Manager 252,+86 13800000252,supplier252@yinglima.com,NEW,Grade A,NO,Yes,Verified supplier test record 252
test253,Trader,Yinglima Supplier 4,Food Ingredients,Citric Acid,Spare Parts 4,China,Zhejiang,Qingdao,Industrial Zone 14,No. 2530 Industry Road,Mr. Manager 253,+86 13800000253,supplier253@yinglima.com,NEW,Grade C,NO,No,Verified supplier test record 253
test254,Manufacturer,Yinglima Supplier 5,Chemicals,Caustic Soda,Spare Parts 5,China,Zhejiang,Weifang,Industrial Zone 15,No. 2540 Industry Road,Mr. Manager 254,+86 13800000254,supplier254@yinglima.com,NEW,Grade B,NO,No,Verified supplier test record 254
test255,Trader,Yinglima Supplier 6,Tech/Feed Grade Ingredients,Spares for Band Sealer,Spare Parts 1,China,Zhejiang,Shanghai,Industrial Zone 16,No. 2550 Industry Road,Mr. Manager 255,+86 13800000255,supplier255@yinglima.com,NEW,Grade A,NO,No,Verified supplier test record 255
test256,Manufacturer,Yinglima Supplier 7,Filteration,Vacuum Packers,Spare Parts 2,China,Zhejiang,Guangzhou,Industrial Zone 17,No. 2560 Industry Road,Mr. Manager 256,+86 13800000256,supplier256@yinglima.com,NEW,Grade B,NO,Yes,Verified supplier test record 256
test257,Trader,Yinglima Supplier 8,Pumps,Solvents,Spare Parts 3,China,Zhejiang,Shenzhen,Industrial Zone 18,No. 2570 Industry Road,Mr. Manager 257,+86 13800000257,supplier257@yinglima.com,NEW,Grade C,NO,No,Verified supplier test record 257
test258,Manufacturer,Yinglima Supplier 9,Machines,Band Sealer,Spare Parts 4,China,Zhejiang,Jinan,Industrial Zone 19,No. 2580 Industry Road,Mr. Manager 258,+86 13800000258,supplier258@yinglima.com,NEW,Grade A,NO,No,Verified supplier test record 258
test259,Trader,Yinglima Supplier 10,Food Ingredients,Citric Acid,Spare Parts 5,China,Zhejiang,Yiwu,Industrial Zone 20,No. 2590 Industry Road,Mr. Manager 259,+86 13800000259,supplier259@yinglima.com,NEW,Grade C,NO,No,Verified supplier test record 259
test260,Manufacturer,Yinglima Supplier 1,Chemicals,Caustic Soda,Spare Parts 1,China,Zhejiang,Wenzhou,Industrial Zone 1,No. 2600 Industry Road,Mr. Manager 260,+86 13800000260,supplier260@yinglima.com,NEW,Grade B,NO,Yes,Verified supplier test record 260
test261,Trader,Yinglima Supplier 2,Tech/Feed Grade Ingredients,Spares for Band Sealer,Spare Parts 2,China,Zhejiang,Hangzhou,Industrial Zone 2,No. 2610 Industry Road,Mr. Manager 261,+86 13800000261,supplier261@yinglima.com,NEW,Grade A,NO,No,Verified supplier test record 261
test262,Manufacturer,Yinglima Supplier 3,Filteration,Vacuum Packers,Spare Parts 3,China,Zhejiang,Ningbo,Industrial Zone 3,No. 2620 Industry Road,Mr. Manager 262,+86 13800000262,supplier262@yinglima.com,NEW,Grade B,NO,No,Verified supplier test record 262
test263,Trader,Yinglima Supplier 4,Pumps,Solvents,Spare Parts 4,China,Zhejiang,Qingdao,Industrial Zone 4,No. 2630 Industry Road,Mr. Manager 263,+86 13800000263,supplier263@yinglima.com,NEW,Grade C,NO,No,Verified supplier test record 263
test264,Manufacturer,Yinglima Supplier 5,Machines,Band Sealer,Spare Parts 5,China,Zhejiang,Weifang,Industrial Zone 5,No. 2640 Industry Road,Mr. Manager 264,+86 13800000264,supplier264@yinglima.com,NEW,Grade A,NO,Yes,Verified supplier test record 264
test265,Trader,Yinglima Supplier 6,Food Ingredients,Citric Acid,Spare Parts 1,China,Zhejiang,Shanghai,Industrial Zone 6,No. 2650 Industry Road,Mr. Manager 265,+86 13800000265,supplier265@yinglima.com,NEW,Grade C,NO,No,Verified supplier test record 265
test266,Manufacturer,Yinglima Supplier 7,Chemicals,Caustic Soda,Spare Parts 2,China,Zhejiang,Guangzhou,Industrial Zone 7,No. 2660 Industry Road,Mr. Manager 266,+86 13800000266,supplier266@yinglima.com,NEW,Grade B,NO,No,Verified supplier test record 266
test267,Trader,Yinglima Supplier 8,Tech/Feed Grade Ingredients,Spares for Band Sealer,Spare Parts 3,China,Zhejiang,Shenzhen,Industrial Zone 8,No. 2670 Industry Road,Mr. Manager 267,+86 13800000267,supplier267@yinglima.com,NEW,Grade A,NO,No,Verified supplier test record 267
test268,Manufacturer,Yinglima Supplier 9,Filteration,Vacuum Packers,Spare Parts 4,China,Zhejiang,Jinan,Industrial Zone 9,No. 2680 Industry Road,Mr. Manager 268,+86 13800000268,supplier268@yinglima.com,NEW,Grade B,NO,Yes,Verified supplier test record 268
test269,Trader,Yinglima Supplier 10,Pumps,Solvents,Spare Parts 5,China,Zhejiang,Yiwu,Industrial Zone 10,No. 2690 Industry Road,Mr. Manager 269,+86 13800000269,supplier269@yinglima.com,NEW,Grade C,NO,No,Verified supplier test record 269
test270,Manufacturer,Yinglima Supplier 1,Machines,Band Sealer,Spare Parts 1,China,Zhejiang,Wenzhou,Industrial Zone 11,No. 2700 Industry Road,Mr. Manager 270,+86 13800000270,supplier270@yinglima.com,NEW,Grade A,NO,No,Verified supplier test record 270
test271,Trader,Yinglima Supplier 2,Food Ingredients,Citric Acid,Spare Parts 2,China,Zhejiang,Hangzhou,Industrial Zone 12,No. 2710 Industry Road,Mr. Manager 271,+86 13800000271,supplier271@yinglima.com,NEW,Grade C,NO,No,Verified supplier test record 271
test272,Manufacturer,Yinglima Supplier 3,Chemicals,Caustic Soda,Spare Parts 3,China,Zhejiang,Ningbo,Industrial Zone 13,No. 2720 Industry Road,Mr. Manager 272,+86 13800000272,supplier272@yinglima.com,NEW,Grade B,NO,Yes,Verified supplier test record 272
test273,Trader,Yinglima Supplier 4,Tech/Feed Grade Ingredients,Spares for Band Sealer,Spare Parts 4,China,Zhejiang,Qingdao,Industrial Zone 14,No. 2730 Industry Road,Mr. Manager 273,+86 13800000273,supplier273@yinglima.com,NEW,Grade A,NO,No,Verified supplier test record 273
test274,Manufacturer,Yinglima Supplier 5,Filteration,Vacuum Packers,Spare Parts 5,China,Zhejiang,Weifang,Industrial Zone 15,No. 2740 Industry Road,Mr. Manager 274,+86 13800000274,supplier274@yinglima.com,NEW,Grade B,NO,No,Verified supplier test record 274
test275,Trader,Yinglima Supplier 6,Pumps,Solvents,Spare Parts 1,China,Zhejiang,Shanghai,Industrial Zone 16,No. 2750 Industry Road,Mr. Manager 275,+86 13800000275,supplier275@yinglima.com,NEW,Grade C,NO,No,Verified supplier test record 275
test276,Manufacturer,Yinglima Supplier 7,Machines,Band Sealer,Spare Parts 2,China,Zhejiang,Guangzhou,Industrial Zone 17,No. 2760 Industry Road,Mr. Manager 276,+86 13800000276,supplier276@yinglima.com,NEW,Grade A,NO,Yes,Verified supplier test record 276
test277,Trader,Yinglima Supplier 8,Food Ingredients,Citric Acid,Spare Parts 3,China,Zhejiang,Shenzhen,Industrial Zone 18,No. 2770 Industry Road,Mr. Manager 277,+86 13800000277,supplier277@yinglima.com,NEW,Grade C,NO,No,Verified supplier test record 277
test278,Manufacturer,Yinglima Supplier 9,Chemicals,Caustic Soda,Spare Parts 4,China,Zhejiang,Jinan,Industrial Zone 19,No. 2780 Industry Road,Mr. Manager 278,+86 13800000278,supplier278@yinglima.com,NEW,Grade B,NO,No,Verified supplier test record 278
test279,Trader,Yinglima Supplier 10,Tech/Feed Grade Ingredients,Spares for Band Sealer,Spare Parts 5,China,Zhejiang,Yiwu,Industrial Zone 20,No. 2790 Industry Road,Mr. Manager 279,+86 13800000279,supplier279@yinglima.com,NEW,Grade A,NO,No,Verified supplier test record 279
test280,Manufacturer,Yinglima Supplier 1,Filteration,Vacuum Packers,Spare Parts 1,China,Zhejiang,Wenzhou,Industrial Zone 1,No. 2800 Industry Road,Mr. Manager 280,+86 13800000280,supplier280@yinglima.com,NEW,Grade B,NO,Yes,Verified supplier test record 280
test281,Trader,Yinglima Supplier 2,Pumps,Solvents,Spare Parts 2,China,Zhejiang,Hangzhou,Industrial Zone 2,No. 2810 Industry Road,Mr. Manager 281,+86 13800000281,supplier281@yinglima.com,NEW,Grade C,NO,No,Verified supplier test record 281
test282,Manufacturer,Yinglima Supplier 3,Machines,Band Sealer,Spare Parts 3,China,Zhejiang,Ningbo,Industrial Zone 3,No. 2820 Industry Road,Mr. Manager 282,+86 13800000282,supplier282@yinglima.com,NEW,Grade A,NO,No,Verified supplier test record 282
test283,Trader,Yinglima Supplier 4,Food Ingredients,Citric Acid,Spare Parts 4,China,Zhejiang,Qingdao,Industrial Zone 4,No. 2830 Industry Road,Mr. Manager 283,+86 13800000283,supplier283@yinglima.com,NEW,Grade C,NO,No,Verified supplier test record 283
test284,Manufacturer,Yinglima Supplier 5,Chemicals,Caustic Soda,Spare Parts 5,China,Zhejiang,Weifang,Industrial Zone 5,No. 2840 Industry Road,Mr. Manager 284,+86 13800000284,supplier284@yinglima.com,NEW,Grade B,NO,Yes,Verified supplier test record 284
test285,Trader,Yinglima Supplier 6,Tech/Feed Grade Ingredients,Spares for Band Sealer,Spare Parts 1,China,Zhejiang,Shanghai,Industrial Zone 6,No. 2850 Industry Road,Mr. Manager 285,+86 13800000285,supplier285@yinglima.com,NEW,Grade A,NO,No,Verified supplier test record 285
test286,Manufacturer,Yinglima Supplier 7,Filteration,Vacuum Packers,Spare Parts 2,China,Zhejiang,Guangzhou,Industrial Zone 7,No. 2860 Industry Road,Mr. Manager 286,+86 13800000286,supplier286@yinglima.com,NEW,Grade B,NO,No,Verified supplier test record 286
test287,Trader,Yinglima Supplier 8,Pumps,Solvents,Spare Parts 3,China,Zhejiang,Shenzhen,Industrial Zone 8,No. 2870 Industry Road,Mr. Manager 287,+86 13800000287,supplier287@yinglima.com,NEW,Grade C,NO,No,Verified supplier test record 287
test288,Manufacturer,Yinglima Supplier 9,Machines,Band Sealer,Spare Parts 4,China,Zhejiang,Jinan,Industrial Zone 9,No. 2880 Industry Road,Mr. Manager 288,+86 13800000288,supplier288@yinglima.com,NEW,Grade A,NO,Yes,Verified supplier test record 288
test289,Trader,Yinglima Supplier 10,Food Ingredients,Citric Acid,Spare Parts 5,China,Zhejiang,Yiwu,Industrial Zone 10,No. 2890 Industry Road,Mr. Manager 289,+86 13800000289,supplier289@yinglima.com,NEW,Grade C,NO,No,Verified supplier test record 289
test290,Manufacturer,Yinglima Supplier 1,Chemicals,Caustic Soda,Spare Parts 1,China,Zhejiang,Wenzhou,Industrial Zone 11,No. 2900 Industry Road,Mr. Manager 290,+86 13800000290,supplier290@yinglima.com,NEW,Grade B,NO,No,Verified supplier test record 290
test291,Trader,Yinglima Supplier 2,Tech/Feed Grade Ingredients,Spares for Band Sealer,Spare Parts 2,China,Zhejiang,Hangzhou,Industrial Zone 12,No. 2910 Industry Road,Mr. Manager 291,+86 13800000291,supplier291@yinglima.com,NEW,Grade A,NO,No,Verified supplier test record 291
test292,Manufacturer,Yinglima Supplier 3,Filteration,Vacuum Packers,Spare Parts 3,China,Zhejiang,Ningbo,Industrial Zone 13,No. 2920 Industry Road,Mr. Manager 292,+86 13800000292,supplier292@yinglima.com,NEW,Grade B,NO,Yes,Verified supplier test record 292
test293,Trader,Yinglima Supplier 4,Pumps,Solvents,Spare Parts 4,China,Zhejiang,Qingdao,Industrial Zone 14,No. 2930 Industry Road,Mr. Manager 293,+86 13800000293,supplier293@yinglima.com,NEW,Grade C,NO,No,Verified supplier test record 293
test294,Manufacturer,Yinglima Supplier 5,Machines,Band Sealer,Spare Parts 5,China,Zhejiang,Weifang,Industrial Zone 15,No. 2940 Industry Road,Mr. Manager 294,+86 13800000294,supplier294@yinglima.com,NEW,Grade A,NO,No,Verified supplier test record 294
test295,Trader,Yinglima Supplier 6,Food Ingredients,Citric Acid,Spare Parts 1,China,Zhejiang,Shanghai,Industrial Zone 16,No. 2950 Industry Road,Mr. Manager 295,+86 13800000295,supplier295@yinglima.com,NEW,Grade C,NO,No,Verified supplier test record 295
test296,Manufacturer,Yinglima Supplier 7,Chemicals,Caustic Soda,Spare Parts 2,China,Zhejiang,Guangzhou,Industrial Zone 17,No. 2960 Industry Road,Mr. Manager 296,+86 13800000296,supplier296@yinglima.com,NEW,Grade B,NO,Yes,Verified supplier test record 296
test297,Trader,Yinglima Supplier 8,Tech/Feed Grade Ingredients,Spares for Band Sealer,Spare Parts 3,China,Zhejiang,Shenzhen,Industrial Zone 18,No. 2970 Industry Road,Mr. Manager 297,+86 13800000297,supplier297@yinglima.com,NEW,Grade A,NO,No,Verified supplier test record 297
test298,Manufacturer,Yinglima Supplier 9,Filteration,Vacuum Packers,Spare Parts 4,China,Zhejiang,Jinan,Industrial Zone 19,No. 2980 Industry Road,Mr. Manager 298,+86 13800000298,supplier298@yinglima.com,NEW,Grade B,NO,No,Verified supplier test record 298
test299,Trader,Yinglima Supplier 10,Pumps,Solvents,Spare Parts 5,China,Zhejiang,Yiwu,Industrial Zone 20,No. 2990 Industry Road,Mr. Manager 299,+86 13800000299,supplier299@yinglima.com,NEW,Grade C,NO,No,Verified supplier test record 299
test300,Manufacturer,Yinglima Supplier 1,Machines,Band Sealer,Spare Parts 1,China,Zhejiang,Wenzhou,Industrial Zone 1,No. 3000 Industry Road,Mr. Manager 300,+86 13800000300,supplier300@yinglima.com,NEW,Grade A,NO,Yes,Verified supplier test record 300
test301,Trader,Yinglima Supplier 2,Food Ingredients,Citric Acid,Spare Parts 2,China,Zhejiang,Hangzhou,Industrial Zone 2,No. 3010 Industry Road,Mr. Manager 301,+86 13800000301,supplier301@yinglima.com,NEW,Grade C,NO,No,Verified supplier test record 301
test302,Manufacturer,Yinglima Supplier 3,Chemicals,Caustic Soda,Spare Parts 3,China,Zhejiang,Ningbo,Industrial Zone 3,No. 3020 Industry Road,Mr. Manager 302,+86 13800000302,supplier302@yinglima.com,NEW,Grade B,NO,No,Verified supplier test record 302
test303,Trader,Yinglima Supplier 4,Tech/Feed Grade Ingredients,Spares for Band Sealer,Spare Parts 4,China,Zhejiang,Qingdao,Industrial Zone 4,No. 3030 Industry Road,Mr. Manager 303,+86 13800000303,supplier303@yinglima.com,NEW,Grade A,NO,No,Verified supplier test record 303
test304,Manufacturer,Yinglima Supplier 5,Filteration,Vacuum Packers,Spare Parts 5,China,Zhejiang,Weifang,Industrial Zone 5,No. 3040 Industry Road,Mr. Manager 304,+86 13800000304,supplier304@yinglima.com,NEW,Grade B,NO,Yes,Verified supplier test record 304
test305,Trader,Yinglima Supplier 6,Pumps,Solvents,Spare Parts 1,China,Zhejiang,Shanghai,Industrial Zone 6,No. 3050 Industry Road,Mr. Manager 305,+86 13800000305,supplier305@yinglima.com,NEW,Grade C,NO,No,Verified supplier test record 305
test306,Manufacturer,Yinglima Supplier 7,Machines,Band Sealer,Spare Parts 2,China,Zhejiang,Guangzhou,Industrial Zone 7,No. 3060 Industry Road,Mr. Manager 306,+86 13800000306,supplier306@yinglima.com,NEW,Grade A,NO,No,Verified supplier test record 306
test307,Trader,Yinglima Supplier 8,Food Ingredients,Citric Acid,Spare Parts 3,China,Zhejiang,Shenzhen,Industrial Zone 8,No. 3070 Industry Road,Mr. Manager 307,+86 13800000307,supplier307@yinglima.com,NEW,Grade C,NO,No,Verified supplier test record 307
test308,Manufacturer,Yinglima Supplier 9,Chemicals,Caustic Soda,Spare Parts 4,China,Zhejiang,Jinan,Industrial Zone 9,No. 3080 Industry Road,Mr. Manager 308,+86 13800000308,supplier308@yinglima.com,NEW,Grade B,NO,Yes,Verified supplier test record 308
test309,Trader,Yinglima Supplier 10,Tech/Feed Grade Ingredients,Spares for Band Sealer,Spare Parts 5,China,Zhejiang,Yiwu,Industrial Zone 10,No. 3090 Industry Road,Mr. Manager 309,+86 13800000309,supplier309@yinglima.com,NEW,Grade A,NO,No,Verified supplier test record 309
test310,Manufacturer,Yinglima Supplier 1,Filteration,Vacuum Packers,Spare Parts 1,China,Zhejiang,Wenzhou,Industrial Zone 11,No. 3100 Industry Road,Mr. Manager 310,+86 13800000310,supplier310@yinglima.com,NEW,Grade B,NO,No,Verified supplier test record 310
test311,Trader,Yinglima Supplier 2,Pumps,Solvents,Spare Parts 2,China,Zhejiang,Hangzhou,Industrial Zone 12,No. 3110 Industry Road,Mr. Manager 311,+86 13800000311,supplier311@yinglima.com,NEW,Grade C,NO,No,Verified supplier test record 311
test312,Manufacturer,Yinglima Supplier 3,Machines,Band Sealer,Spare Parts 3,China,Zhejiang,Ningbo,Industrial Zone 13,No. 3120 Industry Road,Mr. Manager 312,+86 13800000312,supplier312@yinglima.com,NEW,Grade A,NO,Yes,Verified supplier test record 312
test313,Trader,Yinglima Supplier 4,Food Ingredients,Citric Acid,Spare Parts 4,China,Zhejiang,Qingdao,Industrial Zone 14,No. 3130 Industry Road,Mr. Manager 313,+86 13800000313,supplier313@yinglima.com,NEW,Grade C,NO,No,Verified supplier test record 313
test314,Manufacturer,Yinglima Supplier 5,Chemicals,Caustic Soda,Spare Parts 5,China,Zhejiang,Weifang,Industrial Zone 15,No. 3140 Industry Road,Mr. Manager 314,+86 13800000314,supplier314@yinglima.com,NEW,Grade B,NO,No,Verified supplier test record 314
test315,Trader,Yinglima Supplier 6,Tech/Feed Grade Ingredients,Spares for Band Sealer,Spare Parts 1,China,Zhejiang,Shanghai,Industrial Zone 16,No. 3150 Industry Road,Mr. Manager 315,+86 13800000315,supplier315@yinglima.com,NEW,Grade A,NO,No,Verified supplier test record 315
test316,Manufacturer,Yinglima Supplier 7,Filteration,Vacuum Packers,Spare Parts 2,China,Zhejiang,Guangzhou,Industrial Zone 17,No. 3160 Industry Road,Mr. Manager 316,+86 13800000316,supplier316@yinglima.com,NEW,Grade B,NO,Yes,Verified supplier test record 316
test317,Trader,Yinglima Supplier 8,Pumps,Solvents,Spare Parts 3,China,Zhejiang,Shenzhen,Industrial Zone 18,No. 3170 Industry Road,Mr. Manager 317,+86 13800000317,supplier317@yinglima.com,NEW,Grade C,NO,No,Verified supplier test record 317
test318,Manufacturer,Yinglima Supplier 9,Machines,Band Sealer,Spare Parts 4,China,Zhejiang,Jinan,Industrial Zone 19,No. 3180 Industry Road,Mr. Manager 318,+86 13800000318,supplier318@yinglima.com,NEW,Grade A,NO,No,Verified supplier test record 318
test319,Trader,Yinglima Supplier 10,Food Ingredients,Citric Acid,Spare Parts 5,China,Zhejiang,Yiwu,Industrial Zone 20,No. 3190 Industry Road,Mr. Manager 319,+86 13800000319,supplier319@yinglima.com,NEW,Grade C,NO,No,Verified supplier test record 319
test320,Manufacturer,Yinglima Supplier 1,Chemicals,Caustic Soda,Spare Parts 1,China,Zhejiang,Wenzhou,Industrial Zone 1,No. 3200 Industry Road,Mr. Manager 320,+86 13800000320,supplier320@yinglima.com,NEW,Grade B,NO,Yes,Verified supplier test record 320
test321,Trader,Yinglima Supplier 2,Tech/Feed Grade Ingredients,Spares for Band Sealer,Spare Parts 2,China,Zhejiang,Hangzhou,Industrial Zone 2,No. 3210 Industry Road,Mr. Manager 321,+86 13800000321,supplier321@yinglima.com,NEW,Grade A,NO,No,Verified supplier test record 321
test322,Manufacturer,Yinglima Supplier 3,Filteration,Vacuum Packers,Spare Parts 3,China,Zhejiang,Ningbo,Industrial Zone 3,No. 3220 Industry Road,Mr. Manager 322,+86 13800000322,supplier322@yinglima.com,NEW,Grade B,NO,No,Verified supplier test record 322
test323,Trader,Yinglima Supplier 4,Pumps,Solvents,Spare Parts 4,China,Zhejiang,Qingdao,Industrial Zone 4,No. 3230 Industry Road,Mr. Manager 323,+86 13800000323,supplier323@yinglima.com,NEW,Grade C,NO,No,Verified supplier test record 323
test324,Manufacturer,Yinglima Supplier 5,Machines,Band Sealer,Spare Parts 5,China,Zhejiang,Weifang,Industrial Zone 5,No. 3240 Industry Road,Mr. Manager 324,+86 13800000324,supplier324@yinglima.com,NEW,Grade A,NO,Yes,Verified supplier test record 324
test325,Trader,Yinglima Supplier 6,Food Ingredients,Citric Acid,Spare Parts 1,China,Zhejiang,Shanghai,Industrial Zone 6,No. 3250 Industry Road,Mr. Manager 325,+86 13800000325,supplier325@yinglima.com,NEW,Grade C,NO,No,Verified supplier test record 325
test326,Manufacturer,Yinglima Supplier 7,Chemicals,Caustic Soda,Spare Parts 2,China,Zhejiang,Guangzhou,Industrial Zone 7,No. 3260 Industry Road,Mr. Manager 326,+86 13800000326,supplier326@yinglima.com,NEW,Grade B,NO,No,Verified supplier test record 326
test327,Trader,Yinglima Supplier 8,Tech/Feed Grade Ingredients,Spares for Band Sealer,Spare Parts 3,China,Zhejiang,Shenzhen,Industrial Zone 8,No. 3270 Industry Road,Mr. Manager 327,+86 13800000327,supplier327@yinglima.com,NEW,Grade A,NO,No,Verified supplier test record 327
test328,Manufacturer,Yinglima Supplier 9,Filteration,Vacuum Packers,Spare Parts 4,China,Zhejiang,Jinan,Industrial Zone 9,No. 3280 Industry Road,Mr. Manager 328,+86 13800000328,supplier328@yinglima.com,NEW,Grade B,NO,Yes,Verified supplier test record 328
test329,Trader,Yinglima Supplier 10,Pumps,Solvents,Spare Parts 5,China,Zhejiang,Yiwu,Industrial Zone 10,No. 3290 Industry Road,Mr. Manager 329,+86 13800000329,supplier329@yinglima.com,NEW,Grade C,NO,No,Verified supplier test record 329
test330,Manufacturer,Yinglima Supplier 1,Machines,Band Sealer,Spare Parts 1,China,Zhejiang,Wenzhou,Industrial Zone 11,No. 3300 Industry Road,Mr. Manager 330,+86 13800000330,supplier330@yinglima.com,NEW,Grade A,NO,No,Verified supplier test record 330
test331,Trader,Yinglima Supplier 2,Food Ingredients,Citric Acid,Spare Parts 2,China,Zhejiang,Hangzhou,Industrial Zone 12,No. 3310 Industry Road,Mr. Manager 331,+86 13800000331,supplier331@yinglima.com,NEW,Grade C,NO,No,Verified supplier test record 331
test332,Manufacturer,Yinglima Supplier 3,Chemicals,Caustic Soda,Spare Parts 3,China,Zhejiang,Ningbo,Industrial Zone 13,No. 3320 Industry Road,Mr. Manager 332,+86 13800000332,supplier332@yinglima.com,NEW,Grade B,NO,Yes,Verified supplier test record 332
test333,Trader,Yinglima Supplier 4,Tech/Feed Grade Ingredients,Spares for Band Sealer,Spare Parts 4,China,Zhejiang,Qingdao,Industrial Zone 14,No. 3330 Industry Road,Mr. Manager 333,+86 13800000333,supplier333@yinglima.com,NEW,Grade A,NO,No,Verified supplier test record 333
test334,Manufacturer,Yinglima Supplier 5,Filteration,Vacuum Packers,Spare Parts 5,China,Zhejiang,Weifang,Industrial Zone 15,No. 3340 Industry Road,Mr. Manager 334,+86 13800000334,supplier334@yinglima.com,NEW,Grade B,NO,No,Verified supplier test record 334
test335,Trader,Yinglima Supplier 6,Pumps,Solvents,Spare Parts 1,China,Zhejiang,Shanghai,Industrial Zone 16,No. 3350 Industry Road,Mr. Manager 335,+86 13800000335,supplier335@yinglima.com,NEW,Grade C,NO,No,Verified supplier test record 335
test336,Manufacturer,Yinglima Supplier 7,Machines,Band Sealer,Spare Parts 2,China,Zhejiang,Guangzhou,Industrial Zone 17,No. 3360 Industry Road,Mr. Manager 336,+86 13800000336,supplier336@yinglima.com,NEW,Grade A,NO,Yes,Verified supplier test record 336
test337,Trader,Yinglima Supplier 8,Food Ingredients,Citric Acid,Spare Parts 3,China,Zhejiang,Shenzhen,Industrial Zone 18,No. 3370 Industry Road,Mr. Manager 337,+86 13800000337,supplier337@yinglima.com,NEW,Grade C,NO,No,Verified supplier test record 337
test338,Manufacturer,Yinglima Supplier 9,Chemicals,Caustic Soda,Spare Parts 4,China,Zhejiang,Jinan,Industrial Zone 19,No. 3380 Industry Road,Mr. Manager 338,+86 13800000338,supplier338@yinglima.com,NEW,Grade B,NO,No,Verified supplier test record 338
test339,Trader,Yinglima Supplier 10,Tech/Feed Grade Ingredients,Spares for Band Sealer,Spare Parts 5,China,Zhejiang,Yiwu,Industrial Zone 20,No. 3390 Industry Road,Mr. Manager 339,+86 13800000339,supplier339@yinglima.com,NEW,Grade A,NO,No,Verified supplier test record 339
test340,Manufacturer,Yinglima Supplier 1,Filteration,Vacuum Packers,Spare Parts 1,China,Zhejiang,Wenzhou,Industrial Zone 1,No. 3400 Industry Road,Mr. Manager 340,+86 13800000340,supplier340@yinglima.com,NEW,Grade B,NO,Yes,Verified supplier test record 340
test341,Trader,Yinglima Supplier 2,Pumps,Solvents,Spare Parts 2,China,Zhejiang,Hangzhou,Industrial Zone 2,No. 3410 Industry Road,Mr. Manager 341,+86 13800000341,supplier341@yinglima.com,NEW,Grade C,NO,No,Verified supplier test record 341
test342,Manufacturer,Yinglima Supplier 3,Machines,Band Sealer,Spare Parts 3,China,Zhejiang,Ningbo,Industrial Zone 3,No. 3420 Industry Road,Mr. Manager 342,+86 13800000342,supplier342@yinglima.com,NEW,Grade A,NO,No,Verified supplier test record 342
test343,Trader,Yinglima Supplier 4,Food Ingredients,Citric Acid,Spare Parts 4,China,Zhejiang,Qingdao,Industrial Zone 4,No. 3430 Industry Road,Mr. Manager 343,+86 13800000343,supplier343@yinglima.com,NEW,Grade C,NO,No,Verified supplier test record 343
test344,Manufacturer,Yinglima Supplier 5,Chemicals,Caustic Soda,Spare Parts 5,China,Zhejiang,Weifang,Industrial Zone 5,No. 3440 Industry Road,Mr. Manager 344,+86 13800000344,supplier344@yinglima.com,NEW,Grade B,NO,Yes,Verified supplier test record 344
test345,Trader,Yinglima Supplier 6,Tech/Feed Grade Ingredients,Spares for Band Sealer,Spare Parts 1,China,Zhejiang,Shanghai,Industrial Zone 6,No. 3450 Industry Road,Mr. Manager 345,+86 13800000345,supplier345@yinglima.com,NEW,Grade A,NO,No,Verified supplier test record 345
test346,Manufacturer,Yinglima Supplier 7,Filteration,Vacuum Packers,Spare Parts 2,China,Zhejiang,Guangzhou,Industrial Zone 7,No. 3460 Industry Road,Mr. Manager 346,+86 13800000346,supplier346@yinglima.com,NEW,Grade B,NO,No,Verified supplier test record 346
test347,Trader,Yinglima Supplier 8,Pumps,Solvents,Spare Parts 3,China,Zhejiang,Shenzhen,Industrial Zone 8,No. 3470 Industry Road,Mr. Manager 347,+86 13800000347,supplier347@yinglima.com,NEW,Grade C,NO,No,Verified supplier test record 347
test348,Manufacturer,Yinglima Supplier 9,Machines,Band Sealer,Spare Parts 4,China,Zhejiang,Jinan,Industrial Zone 9,No. 3480 Industry Road,Mr. Manager 348,+86 13800000348,supplier348@yinglima.com,NEW,Grade A,NO,Yes,Verified supplier test record 348
test349,Trader,Yinglima Supplier 10,Food Ingredients,Citric Acid,Spare Parts 5,China,Zhejiang,Yiwu,Industrial Zone 10,No. 3490 Industry Road,Mr. Manager 349,+86 13800000349,supplier349@yinglima.com,NEW,Grade C,NO,No,Verified supplier test record 349
test350,Manufacturer,Yinglima Supplier 1,Chemicals,Caustic Soda,Spare Parts 1,China,Zhejiang,Wenzhou,Industrial Zone 11,No. 3500 Industry Road,Mr. Manager 350,+86 13800000350,supplier350@yinglima.com,NEW,Grade B,NO,No,Verified supplier test record 350
test351,Trader,Yinglima Supplier 2,Tech/Feed Grade Ingredients,Spares for Band Sealer,Spare Parts 2,China,Zhejiang,Hangzhou,Industrial Zone 12,No. 3510 Industry Road,Mr. Manager 351,+86 13800000351,supplier351@yinglima.com,NEW,Grade A,NO,No,Verified supplier test record 351
test352,Manufacturer,Yinglima Supplier 3,Filteration,Vacuum Packers,Spare Parts 3,China,Zhejiang,Ningbo,Industrial Zone 13,No. 3520 Industry Road,Mr. Manager 352,+86 13800000352,supplier352@yinglima.com,NEW,Grade B,NO,Yes,Verified supplier test record 352
test353,Trader,Yinglima Supplier 4,Pumps,Solvents,Spare Parts 4,China,Zhejiang,Qingdao,Industrial Zone 14,No. 3530 Industry Road,Mr. Manager 353,+86 13800000353,supplier353@yinglima.com,NEW,Grade C,NO,No,Verified supplier test record 353
test354,Manufacturer,Yinglima Supplier 5,Machines,Band Sealer,Spare Parts 5,China,Zhejiang,Weifang,Industrial Zone 15,No. 3540 Industry Road,Mr. Manager 354,+86 13800000354,supplier354@yinglima.com,NEW,Grade A,NO,No,Verified supplier test record 354
test355,Trader,Yinglima Supplier 6,Food Ingredients,Citric Acid,Spare Parts 1,China,Zhejiang,Shanghai,Industrial Zone 16,No. 3550 Industry Road,Mr. Manager 355,+86 13800000355,supplier355@yinglima.com,NEW,Grade C,NO,No,Verified supplier test record 355
test356,Manufacturer,Yinglima Supplier 7,Chemicals,Caustic Soda,Spare Parts 2,China,Zhejiang,Guangzhou,Industrial Zone 17,No. 3560 Industry Road,Mr. Manager 356,+86 13800000356,supplier356@yinglima.com,NEW,Grade B,NO,Yes,Verified supplier test record 356
test357,Trader,Yinglima Supplier 8,Tech/Feed Grade Ingredients,Spares for Band Sealer,Spare Parts 3,China,Zhejiang,Shenzhen,Industrial Zone 18,No. 3570 Industry Road,Mr. Manager 357,+86 13800000357,supplier357@yinglima.com,NEW,Grade A,NO,No,Verified supplier test record 357
test358,Manufacturer,Yinglima Supplier 9,Filteration,Vacuum Packers,Spare Parts 4,China,Zhejiang,Jinan,Industrial Zone 19,No. 3580 Industry Road,Mr. Manager 358,+86 13800000358,supplier358@yinglima.com,NEW,Grade B,NO,No,Verified supplier test record 358
test359,Trader,Yinglima Supplier 10,Pumps,Solvents,Spare Parts 5,China,Zhejiang,Yiwu,Industrial Zone 20,No. 3590 Industry Road,Mr. Manager 359,+86 13800000359,supplier359@yinglima.com,NEW,Grade C,NO,No,Verified supplier test record 359
test360,Manufacturer,Yinglima Supplier 1,Machines,Band Sealer,Spare Parts 1,China,Zhejiang,Wenzhou,Industrial Zone 1,No. 3600 Industry Road,Mr. Manager 360,+86 13800000360,supplier360@yinglima.com,NEW,Grade A,NO,Yes,Verified supplier test record 360
test361,Trader,Yinglima Supplier 2,Food Ingredients,Citric Acid,Spare Parts 2,China,Zhejiang,Hangzhou,Industrial Zone 2,No. 3610 Industry Road,Mr. Manager 361,+86 13800000361,supplier361@yinglima.com,NEW,Grade C,NO,No,Verified supplier test record 361
test362,Manufacturer,Yinglima Supplier 3,Chemicals,Caustic Soda,Spare Parts 3,China,Zhejiang,Ningbo,Industrial Zone 3,No. 3620 Industry Road,Mr. Manager 362,+86 13800000362,supplier362@yinglima.com,NEW,Grade B,NO,No,Verified supplier test record 362
test363,Trader,Yinglima Supplier 4,Tech/Feed Grade Ingredients,Spares for Band Sealer,Spare Parts 4,China,Zhejiang,Qingdao,Industrial Zone 4,No. 3630 Industry Road,Mr. Manager 363,+86 13800000363,supplier363@yinglima.com,NEW,Grade A,NO,No,Verified supplier test record 363
test364,Manufacturer,Yinglima Supplier 5,Filteration,Vacuum Packers,Spare Parts 5,China,Zhejiang,Weifang,Industrial Zone 5,No. 3640 Industry Road,Mr. Manager 364,+86 13800000364,supplier364@yinglima.com,NEW,Grade B,NO,Yes,Verified supplier test record 364
test365,Trader,Yinglima Supplier 6,Pumps,Solvents,Spare Parts 1,China,Zhejiang,Shanghai,Industrial Zone 6,No. 3650 Industry Road,Mr. Manager 365,+86 13800000365,supplier365@yinglima.com,NEW,Grade C,NO,No,Verified supplier test record 365
test366,Manufacturer,Yinglima Supplier 7,Machines,Band Sealer,Spare Parts 2,China,Zhejiang,Guangzhou,Industrial Zone 7,No. 3660 Industry Road,Mr. Manager 366,+86 13800000366,supplier366@yinglima.com,NEW,Grade A,NO,No,Verified supplier test record 366
test367,Trader,Yinglima Supplier 8,Food Ingredients,Citric Acid,Spare Parts 3,China,Zhejiang,Shenzhen,Industrial Zone 8,No. 3670 Industry Road,Mr. Manager 367,+86 13800000367,supplier367@yinglima.com,NEW,Grade C,NO,No,Verified supplier test record 367
test368,Manufacturer,Yinglima Supplier 9,Chemicals,Caustic Soda,Spare Parts 4,China,Zhejiang,Jinan,Industrial Zone 9,No. 3680 Industry Road,Mr. Manager 368,+86 13800000368,supplier368@yinglima.com,NEW,Grade B,NO,Yes,Verified supplier test record 368
test369,Trader,Yinglima Supplier 10,Tech/Feed Grade Ingredients,Spares for Band Sealer,Spare Parts 5,China,Zhejiang,Yiwu,Industrial Zone 10,No. 3690 Industry Road,Mr. Manager 369,+86 13800000369,supplier369@yinglima.com,NEW,Grade A,NO,No,Verified supplier test record 369
test370,Manufacturer,Yinglima Supplier 1,Filteration,Vacuum Packers,Spare Parts 1,China,Zhejiang,Wenzhou,Industrial Zone 11,No. 3700 Industry Road,Mr. Manager 370,+86 13800000370,supplier370@yinglima.com,NEW,Grade B,NO,No,Verified supplier test record 370
test371,Trader,Yinglima Supplier 2,Pumps,Solvents,Spare Parts 2,China,Zhejiang,Hangzhou,Industrial Zone 12,No. 3710 Industry Road,Mr. Manager 371,+86 13800000371,supplier371@yinglima.com,NEW,Grade C,NO,No,Verified supplier test record 371
test372,Manufacturer,Yinglima Supplier 3,Machines,Band Sealer,Spare Parts 3,China,Zhejiang,Ningbo,Industrial Zone 13,No. 3720 Industry Road,Mr. Manager 372,+86 13800000372,supplier372@yinglima.com,NEW,Grade A,NO,Yes,Verified supplier test record 372
test373,Trader,Yinglima Supplier 4,Food Ingredients,Citric Acid,Spare Parts 4,China,Zhejiang,Qingdao,Industrial Zone 14,No. 3730 Industry Road,Mr. Manager 373,+86 13800000373,supplier373@yinglima.com,NEW,Grade C,NO,No,Verified supplier test record 373
test374,Manufacturer,Yinglima Supplier 5,Chemicals,Caustic Soda,Spare Parts 5,China,Zhejiang,Weifang,Industrial Zone 15,No. 3740 Industry Road,Mr. Manager 374,+86 13800000374,supplier374@yinglima.com,NEW,Grade B,NO,No,Verified supplier test record 374
test375,Trader,Yinglima Supplier 6,Tech/Feed Grade Ingredients,Spares for Band Sealer,Spare Parts 1,China,Zhejiang,Shanghai,Industrial Zone 16,No. 3750 Industry Road,Mr. Manager 375,+86 13800000375,supplier375@yinglima.com,NEW,Grade A,NO,No,Verified supplier test record 375
test376,Manufacturer,Yinglima Supplier 7,Filteration,Vacuum Packers,Spare Parts 2,China,Zhejiang,Guangzhou,Industrial Zone 17,No. 3760 Industry Road,Mr. Manager 376,+86 13800000376,supplier376@yinglima.com,NEW,Grade B,NO,Yes,Verified supplier test record 376
test377,Trader,Yinglima Supplier 8,Pumps,Solvents,Spare Parts 3,China,Zhejiang,Shenzhen,Industrial Zone 18,No. 3770 Industry Road,Mr. Manager 377,+86 13800000377,supplier377@yinglima.com,NEW,Grade C,NO,No,Verified supplier test record 377
test378,Manufacturer,Yinglima Supplier 9,Machines,Band Sealer,Spare Parts 4,China,Zhejiang,Jinan,Industrial Zone 19,No. 3780 Industry Road,Mr. Manager 378,+86 13800000378,supplier378@yinglima.com,NEW,Grade A,NO,No,Verified supplier test record 378
test379,Trader,Yinglima Supplier 10,Food Ingredients,Citric Acid,Spare Parts 5,China,Zhejiang,Yiwu,Industrial Zone 20,No. 3790 Industry Road,Mr. Manager 379,+86 13800000379,supplier379@yinglima.com,NEW,Grade C,NO,No,Verified supplier test record 379
test380,Manufacturer,Yinglima Supplier 1,Chemicals,Caustic Soda,Spare Parts 1,China,Zhejiang,Wenzhou,Industrial Zone 1,No. 3800 Industry Road,Mr. Manager 380,+86 13800000380,supplier380@yinglima.com,NEW,Grade B,NO,Yes,Verified supplier test record 380
test381,Trader,Yinglima Supplier 2,Tech/Feed Grade Ingredients,Spares for Band Sealer,Spare Parts 2,China,Zhejiang,Hangzhou,Industrial Zone 2,No. 3810 Industry Road,Mr. Manager 381,+86 13800000381,supplier381@yinglima.com,NEW,Grade A,NO,No,Verified supplier test record 381
test382,Manufacturer,Yinglima Supplier 3,Filteration,Vacuum Packers,Spare Parts 3,China,Zhejiang,Ningbo,Industrial Zone 3,No. 3820 Industry Road,Mr. Manager 382,+86 13800000382,supplier382@yinglima.com,NEW,Grade B,NO,No,Verified supplier test record 382
test383,Trader,Yinglima Supplier 4,Pumps,Solvents,Spare Parts 4,China,Zhejiang,Qingdao,Industrial Zone 4,No. 3830 Industry Road,Mr. Manager 383,+86 13800000383,supplier383@yinglima.com,NEW,Grade C,NO,No,Verified supplier test record 383
test384,Manufacturer,Yinglima Supplier 5,Machines,Band Sealer,Spare Parts 5,China,Zhejiang,Weifang,Industrial Zone 5,No. 3840 Industry Road,Mr. Manager 384,+86 13800000384,supplier384@yinglima.com,NEW,Grade A,NO,Yes,Verified supplier test record 384
test385,Trader,Yinglima Supplier 6,Food Ingredients,Citric Acid,Spare Parts 1,China,Zhejiang,Shanghai,Industrial Zone 6,No. 3850 Industry Road,Mr. Manager 385,+86 13800000385,supplier385@yinglima.com,NEW,Grade C,NO,No,Verified supplier test record 385
test386,Manufacturer,Yinglima Supplier 7,Chemicals,Caustic Soda,Spare Parts 2,China,Zhejiang,Guangzhou,Industrial Zone 7,No. 3860 Industry Road,Mr. Manager 386,+86 13800000386,supplier386@yinglima.com,NEW,Grade B,NO,No,Verified supplier test record 386
test387,Trader,Yinglima Supplier 8,Tech/Feed Grade Ingredients,Spares for Band Sealer,Spare Parts 3,China,Zhejiang,Shenzhen,Industrial Zone 8,No. 3870 Industry Road,Mr. Manager 387,+86 13800000387,supplier387@yinglima.com,NEW,Grade A,NO,No,Verified supplier test record 387
test388,Manufacturer,Yinglima Supplier 9,Filteration,Vacuum Packers,Spare Parts 4,China,Zhejiang,Jinan,Industrial Zone 9,No. 3880 Industry Road,Mr. Manager 388,+86 13800000388,supplier388@yinglima.com,NEW,Grade B,NO,Yes,Verified supplier test record 388
test389,Trader,Yinglima Supplier 10,Pumps,Solvents,Spare Parts 5,China,Zhejiang,Yiwu,Industrial Zone 10,No. 3890 Industry Road,Mr. Manager 389,+86 13800000389,supplier389@yinglima.com,NEW,Grade C,NO,No,Verified supplier test record 389
test390,Manufacturer,Yinglima Supplier 1,Machines,Band Sealer,Spare Parts 1,China,Zhejiang,Wenzhou,Industrial Zone 11,No. 3900 Industry Road,Mr. Manager 390,+86 13800000390,supplier390@yinglima.com,NEW,Grade A,NO,No,Verified supplier test record 390
test391,Trader,Yinglima Supplier 2,Food Ingredients,Citric Acid,Spare Parts 2,China,Zhejiang,Hangzhou,Industrial Zone 12,No. 3910 Industry Road,Mr. Manager 391,+86 13800000391,supplier391@yinglima.com,NEW,Grade C,NO,No,Verified supplier test record 391
test392,Manufacturer,Yinglima Supplier 3,Chemicals,Caustic Soda,Spare Parts 3,China,Zhejiang,Ningbo,Industrial Zone 13,No. 3920 Industry Road,Mr. Manager 392,+86 13800000392,supplier392@yinglima.com,NEW,Grade B,NO,Yes,Verified supplier test record 392
test393,Trader,Yinglima Supplier 4,Tech/Feed Grade Ingredients,Spares for Band Sealer,Spare Parts 4,China,Zhejiang,Qingdao,Industrial Zone 14,No. 3930 Industry Road,Mr. Manager 393,+86 13800000393,supplier393@yinglima.com,NEW,Grade A,NO,No,Verified supplier test record 393
test394,Manufacturer,Yinglima Supplier 5,Filteration,Vacuum Packers,Spare Parts 5,China,Zhejiang,Weifang,Industrial Zone 15,No. 3940 Industry Road,Mr. Manager 394,+86 13800000394,supplier394@yinglima.com,NEW,Grade B,NO,No,Verified supplier test record 394
test395,Trader,Yinglima Supplier 6,Pumps,Solvents,Spare Parts 1,China,Zhejiang,Shanghai,Industrial Zone 16,No. 3950 Industry Road,Mr. Manager 395,+86 13800000395,supplier395@yinglima.com,NEW,Grade C,NO,No,Verified supplier test record 395
test396,Manufacturer,Yinglima Supplier 7,Machines,Band Sealer,Spare Parts 2,China,Zhejiang,Guangzhou,Industrial Zone 17,No. 3960 Industry Road,Mr. Manager 396,+86 13800000396,supplier396@yinglima.com,NEW,Grade A,NO,Yes,Verified supplier test record 396
test397,Trader,Yinglima Supplier 8,Food Ingredients,Citric Acid,Spare Parts 3,China,Zhejiang,Shenzhen,Industrial Zone 18,No. 3970 Industry Road,Mr. Manager 397,+86 13800000397,supplier397@yinglima.com,NEW,Grade C,NO,No,Verified supplier test record 397
test398,Manufacturer,Yinglima Supplier 9,Chemicals,Caustic Soda,Spare Parts 4,China,Zhejiang,Jinan,Industrial Zone 19,No. 3980 Industry Road,Mr. Manager 398,+86 13800000398,supplier398@yinglima.com,NEW,Grade B,NO,No,Verified supplier test record 398
test399,Trader,Yinglima Supplier 10,Tech/Feed Grade Ingredients,Spares for Band Sealer,Spare Parts 5,China,Zhejiang,Yiwu,Industrial Zone 20,No. 3990 Industry Road,Mr. Manager 399,+86 13800000399,supplier399@yinglima.com,NEW,Grade A,NO,No,Verified supplier test record 399
test400,Manufacturer,Yinglima Supplier 1,Filteration,Vacuum Packers,Spare Parts 1,China,Zhejiang,Wenzhou,Industrial Zone 1,No. 4000 Industry Road,Mr. Manager 400,+86 13800000400,supplier400@yinglima.com,NEW,Grade B,NO,Yes,Verified supplier test record 400
test401,Trader,Yinglima Supplier 2,Pumps,Solvents,Spare Parts 2,China,Zhejiang,Hangzhou,Industrial Zone 2,No. 4010 Industry Road,Mr. Manager 401,+86 13800000401,supplier401@yinglima.com,NEW,Grade C,NO,No,Verified supplier test record 401
test402,Manufacturer,Yinglima Supplier 3,Machines,Band Sealer,Spare Parts 3,China,Zhejiang,Ningbo,Industrial Zone 3,No. 4020 Industry Road,Mr. Manager 402,+86 13800000402,supplier402@yinglima.com,NEW,Grade A,NO,No,Verified supplier test record 402
test403,Trader,Yinglima Supplier 4,Food Ingredients,Citric Acid,Spare Parts 4,China,Zhejiang,Qingdao,Industrial Zone 4,No. 4030 Industry Road,Mr. Manager 403,+86 13800000403,supplier403@yinglima.com,NEW,Grade C,NO,No,Verified supplier test record 403
test404,Manufacturer,Yinglima Supplier 5,Chemicals,Caustic Soda,Spare Parts 5,China,Zhejiang,Weifang,Industrial Zone 5,No. 4040 Industry Road,Mr. Manager 404,+86 13800000404,supplier404@yinglima.com,NEW,Grade B,NO,Yes,Verified supplier test record 404
test405,Trader,Yinglima Supplier 6,Tech/Feed Grade Ingredients,Spares for Band Sealer,Spare Parts 1,China,Zhejiang,Shanghai,Industrial Zone 6,No. 4050 Industry Road,Mr. Manager 405,+86 13800000405,supplier405@yinglima.com,NEW,Grade A,NO,No,Verified supplier test record 405
test406,Manufacturer,Yinglima Supplier 7,Filteration,Vacuum Packers,Spare Parts 2,China,Zhejiang,Guangzhou,Industrial Zone 7,No. 4060 Industry Road,Mr. Manager 406,+86 13800000406,supplier406@yinglima.com,NEW,Grade B,NO,No,Verified supplier test record 406
test407,Trader,Yinglima Supplier 8,Pumps,Solvents,Spare Parts 3,China,Zhejiang,Shenzhen,Industrial Zone 8,No. 4070 Industry Road,Mr. Manager 407,+86 13800000407,supplier407@yinglima.com,NEW,Grade C,NO,No,Verified supplier test record 407
test408,Manufacturer,Yinglima Supplier 9,Machines,Band Sealer,Spare Parts 4,China,Zhejiang,Jinan,Industrial Zone 9,No. 4080 Industry Road,Mr. Manager 408,+86 13800000408,supplier408@yinglima.com,NEW,Grade A,NO,Yes,Verified supplier test record 408
test409,Trader,Yinglima Supplier 10,Food Ingredients,Citric Acid,Spare Parts 5,China,Zhejiang,Yiwu,Industrial Zone 10,No. 4090 Industry Road,Mr. Manager 409,+86 13800000409,supplier409@yinglima.com,NEW,Grade C,NO,No,Verified supplier test record 409
test410,Manufacturer,Yinglima Supplier 1,Chemicals,Caustic Soda,Spare Parts 1,China,Zhejiang,Wenzhou,Industrial Zone 11,No. 4100 Industry Road,Mr. Manager 410,+86 13800000410,supplier410@yinglima.com,NEW,Grade B,NO,No,Verified supplier test record 410
test411,Trader,Yinglima Supplier 2,Tech/Feed Grade Ingredients,Spares for Band Sealer,Spare Parts 2,China,Zhejiang,Hangzhou,Industrial Zone 12,No. 4110 Industry Road,Mr. Manager 411,+86 13800000411,supplier411@yinglima.com,NEW,Grade A,NO,No,Verified supplier test record 411
test412,Manufacturer,Yinglima Supplier 3,Filteration,Vacuum Packers,Spare Parts 3,China,Zhejiang,Ningbo,Industrial Zone 13,No. 4120 Industry Road,Mr. Manager 412,+86 13800000412,supplier412@yinglima.com,NEW,Grade B,NO,Yes,Verified supplier test record 412
test413,Trader,Yinglima Supplier 4,Pumps,Solvents,Spare Parts 4,China,Zhejiang,Qingdao,Industrial Zone 14,No. 4130 Industry Road,Mr. Manager 413,+86 13800000413,supplier413@yinglima.com,NEW,Grade C,NO,No,Verified supplier test record 413
test414,Manufacturer,Yinglima Supplier 5,Machines,Band Sealer,Spare Parts 5,China,Zhejiang,Weifang,Industrial Zone 15,No. 4140 Industry Road,Mr. Manager 414,+86 13800000414,supplier414@yinglima.com,NEW,Grade A,NO,No,Verified supplier test record 414
test415,Trader,Yinglima Supplier 6,Food Ingredients,Citric Acid,Spare Parts 1,China,Zhejiang,Shanghai,Industrial Zone 16,No. 4150 Industry Road,Mr. Manager 415,+86 13800000415,supplier415@yinglima.com,NEW,Grade C,NO,No,Verified supplier test record 415
test416,Manufacturer,Yinglima Supplier 7,Chemicals,Caustic Soda,Spare Parts 2,China,Zhejiang,Guangzhou,Industrial Zone 17,No. 4160 Industry Road,Mr. Manager 416,+86 13800000416,supplier416@yinglima.com,NEW,Grade B,NO,Yes,Verified supplier test record 416
test417,Trader,Yinglima Supplier 8,Tech/Feed Grade Ingredients,Spares for Band Sealer,Spare Parts 3,China,Zhejiang,Shenzhen,Industrial Zone 18,No. 4170 Industry Road,Mr. Manager 417,+86 13800000417,supplier417@yinglima.com,NEW,Grade A,NO,No,Verified supplier test record 417
test418,Manufacturer,Yinglima Supplier 9,Filteration,Vacuum Packers,Spare Parts 4,China,Zhejiang,Jinan,Industrial Zone 19,No. 4180 Industry Road,Mr. Manager 418,+86 13800000418,supplier418@yinglima.com,NEW,Grade B,NO,No,Verified supplier test record 418
test419,Trader,Yinglima Supplier 10,Pumps,Solvents,Spare Parts 5,China,Zhejiang,Yiwu,Industrial Zone 20,No. 4190 Industry Road,Mr. Manager 419,+86 13800000419,supplier419@yinglima.com,NEW,Grade C,NO,No,Verified supplier test record 419
test420,Manufacturer,Yinglima Supplier 1,Machines,Band Sealer,Spare Parts 1,China,Zhejiang,Wenzhou,Industrial Zone 1,No. 4200 Industry Road,Mr. Manager 420,+86 13800000420,supplier420@yinglima.com,NEW,Grade A,NO,Yes,Verified supplier test record 420
test421,Trader,Yinglima Supplier 2,Food Ingredients,Citric Acid,Spare Parts 2,China,Zhejiang,Hangzhou,Industrial Zone 2,No. 4210 Industry Road,Mr. Manager 421,+86 13800000421,supplier421@yinglima.com,NEW,Grade C,NO,No,Verified supplier test record 421
test422,Manufacturer,Yinglima Supplier 3,Chemicals,Caustic Soda,Spare Parts 3,China,Zhejiang,Ningbo,Industrial Zone 3,No. 4220 Industry Road,Mr. Manager 422,+86 13800000422,supplier422@yinglima.com,NEW,Grade B,NO,No,Verified supplier test record 422
test423,Trader,Yinglima Supplier 4,Tech/Feed Grade Ingredients,Spares for Band Sealer,Spare Parts 4,China,Zhejiang,Qingdao,Industrial Zone 4,No. 4230 Industry Road,Mr. Manager 423,+86 13800000423,supplier423@yinglima.com,NEW,Grade A,NO,No,Verified supplier test record 423
test424,Manufacturer,Yinglima Supplier 5,Filteration,Vacuum Packers,Spare Parts 5,China,Zhejiang,Weifang,Industrial Zone 5,No. 4240 Industry Road,Mr. Manager 424,+86 13800000424,supplier424@yinglima.com,NEW,Grade B,NO,Yes,Verified supplier test record 424
test425,Trader,Yinglima Supplier 6,Pumps,Solvents,Spare Parts 1,China,Zhejiang,Shanghai,Industrial Zone 6,No. 4250 Industry Road,Mr. Manager 425,+86 13800000425,supplier425@yinglima.com,NEW,Grade C,NO,No,Verified supplier test record 425
test426,Manufacturer,Yinglima Supplier 7,Machines,Band Sealer,Spare Parts 2,China,Zhejiang,Guangzhou,Industrial Zone 7,No. 4260 Industry Road,Mr. Manager 426,+86 13800000426,supplier426@yinglima.com,NEW,Grade A,NO,No,Verified supplier test record 426
test427,Trader,Yinglima Supplier 8,Food Ingredients,Citric Acid,Spare Parts 3,China,Zhejiang,Shenzhen,Industrial Zone 8,No. 4270 Industry Road,Mr. Manager 427,+86 13800000427,supplier427@yinglima.com,NEW,Grade C,NO,No,Verified supplier test record 427
test428,Manufacturer,Yinglima Supplier 9,Chemicals,Caustic Soda,Spare Parts 4,China,Zhejiang,Jinan,Industrial Zone 9,No. 4280 Industry Road,Mr. Manager 428,+86 13800000428,supplier428@yinglima.com,NEW,Grade B,NO,Yes,Verified supplier test record 428
test429,Trader,Yinglima Supplier 10,Tech/Feed Grade Ingredients,Spares for Band Sealer,Spare Parts 5,China,Zhejiang,Yiwu,Industrial Zone 10,No. 4290 Industry Road,Mr. Manager 429,+86 13800000429,supplier429@yinglima.com,NEW,Grade A,NO,No,Verified supplier test record 429
test430,Manufacturer,Yinglima Supplier 1,Filteration,Vacuum Packers,Spare Parts 1,China,Zhejiang,Wenzhou,Industrial Zone 11,No. 4300 Industry Road,Mr. Manager 430,+86 13800000430,supplier430@yinglima.com,NEW,Grade B,NO,No,Verified supplier test record 430
test431,Trader,Yinglima Supplier 2,Pumps,Solvents,Spare Parts 2,China,Zhejiang,Hangzhou,Industrial Zone 12,No. 4310 Industry Road,Mr. Manager 431,+86 13800000431,supplier431@yinglima.com,NEW,Grade C,NO,No,Verified supplier test record 431
test432,Manufacturer,Yinglima Supplier 3,Machines,Band Sealer,Spare Parts 3,China,Zhejiang,Ningbo,Industrial Zone 13,No. 4320 Industry Road,Mr. Manager 432,+86 13800000432,supplier432@yinglima.com,NEW,Grade A,NO,Yes,Verified supplier test record 432
test433,Trader,Yinglima Supplier 4,Food Ingredients,Citric Acid,Spare Parts 4,China,Zhejiang,Qingdao,Industrial Zone 14,No. 4330 Industry Road,Mr. Manager 433,+86 13800000433,supplier433@yinglima.com,NEW,Grade C,NO,No,Verified supplier test record 433
test434,Manufacturer,Yinglima Supplier 5,Chemicals,Caustic Soda,Spare Parts 5,China,Zhejiang,Weifang,Industrial Zone 15,No. 4340 Industry Road,Mr. Manager 434,+86 13800000434,supplier434@yinglima.com,NEW,Grade B,NO,No,Verified supplier test record 434
test435,Trader,Yinglima Supplier 6,Tech/Feed Grade Ingredients,Spares for Band Sealer,Spare Parts 1,China,Zhejiang,Shanghai,Industrial Zone 16,No. 4350 Industry Road,Mr. Manager 435,+86 13800000435,supplier435@yinglima.com,NEW,Grade A,NO,No,Verified supplier test record 435
test436,Manufacturer,Yinglima Supplier 7,Filteration,Vacuum Packers,Spare Parts 2,China,Zhejiang,Guangzhou,Industrial Zone 17,No. 4360 Industry Road,Mr. Manager 436,+86 13800000436,supplier436@yinglima.com,NEW,Grade B,NO,Yes,Verified supplier test record 436
test437,Trader,Yinglima Supplier 8,Pumps,Solvents,Spare Parts 3,China,Zhejiang,Shenzhen,Industrial Zone 18,No. 4370 Industry Road,Mr. Manager 437,+86 13800000437,supplier437@yinglima.com,NEW,Grade C,NO,No,Verified supplier test record 437
test438,Manufacturer,Yinglima Supplier 9,Machines,Band Sealer,Spare Parts 4,China,Zhejiang,Jinan,Industrial Zone 19,No. 4380 Industry Road,Mr. Manager 438,+86 13800000438,supplier438@yinglima.com,NEW,Grade A,NO,No,Verified supplier test record 438
test439,Trader,Yinglima Supplier 10,Food Ingredients,Citric Acid,Spare Parts 5,China,Zhejiang,Yiwu,Industrial Zone 20,No. 4390 Industry Road,Mr. Manager 439,+86 13800000439,supplier439@yinglima.com,NEW,Grade C,NO,No,Verified supplier test record 439
test440,Manufacturer,Yinglima Supplier 1,Chemicals,Caustic Soda,Spare Parts 1,China,Zhejiang,Wenzhou,Industrial Zone 1,No. 4400 Industry Road,Mr. Manager 440,+86 13800000440,supplier440@yinglima.com,NEW,Grade B,NO,Yes,Verified supplier test record 440
test441,Trader,Yinglima Supplier 2,Tech/Feed Grade Ingredients,Spares for Band Sealer,Spare Parts 2,China,Zhejiang,Hangzhou,Industrial Zone 2,No. 4410 Industry Road,Mr. Manager 441,+86 13800000441,supplier441@yinglima.com,NEW,Grade A,NO,No,Verified supplier test record 441
test442,Manufacturer,Yinglima Supplier 3,Filteration,Vacuum Packers,Spare Parts 3,China,Zhejiang,Ningbo,Industrial Zone 3,No. 4420 Industry Road,Mr. Manager 442,+86 13800000442,supplier442@yinglima.com,NEW,Grade B,NO,No,Verified supplier test record 442
test443,Trader,Yinglima Supplier 4,Pumps,Solvents,Spare Parts 4,China,Zhejiang,Qingdao,Industrial Zone 4,No. 4430 Industry Road,Mr. Manager 443,+86 13800000443,supplier443@yinglima.com,NEW,Grade C,NO,No,Verified supplier test record 443
test444,Manufacturer,Yinglima Supplier 5,Machines,Band Sealer,Spare Parts 5,China,Zhejiang,Weifang,Industrial Zone 5,No. 4440 Industry Road,Mr. Manager 444,+86 13800000444,supplier444@yinglima.com,NEW,Grade A,NO,Yes,Verified supplier test record 444
test445,Trader,Yinglima Supplier 6,Food Ingredients,Citric Acid,Spare Parts 1,China,Zhejiang,Shanghai,Industrial Zone 6,No. 4450 Industry Road,Mr. Manager 445,+86 13800000445,supplier445@yinglima.com,NEW,Grade C,NO,No,Verified supplier test record 445
test446,Manufacturer,Yinglima Supplier 7,Chemicals,Caustic Soda,Spare Parts 2,China,Zhejiang,Guangzhou,Industrial Zone 7,No. 4460 Industry Road,Mr. Manager 446,+86 13800000446,supplier446@yinglima.com,NEW,Grade B,NO,No,Verified supplier test record 446
test447,Trader,Yinglima Supplier 8,Tech/Feed Grade Ingredients,Spares for Band Sealer,Spare Parts 3,China,Zhejiang,Shenzhen,Industrial Zone 8,No. 4470 Industry Road,Mr. Manager 447,+86 13800000447,supplier447@yinglima.com,NEW,Grade A,NO,No,Verified supplier test record 447
test448,Manufacturer,Yinglima Supplier 9,Filteration,Vacuum Packers,Spare Parts 4,China,Zhejiang,Jinan,Industrial Zone 9,No. 4480 Industry Road,Mr. Manager 448,+86 13800000448,supplier448@yinglima.com,NEW,Grade B,NO,Yes,Verified supplier test record 448
test449,Trader,Yinglima Supplier 10,Pumps,Solvents,Spare Parts 5,China,Zhejiang,Yiwu,Industrial Zone 10,No. 4490 Industry Road,Mr. Manager 449,+86 13800000449,supplier449@yinglima.com,NEW,Grade C,NO,No,Verified supplier test record 449
test450,Manufacturer,Yinglima Supplier 1,Machines,Band Sealer,Spare Parts 1,China,Zhejiang,Wenzhou,Industrial Zone 11,No. 4500 Industry Road,Mr. Manager 450,+86 13800000450,supplier450@yinglima.com,NEW,Grade A,NO,No,Verified supplier test record 450
test451,Trader,Yinglima Supplier 2,Food Ingredients,Citric Acid,Spare Parts 2,China,Zhejiang,Hangzhou,Industrial Zone 12,No. 4510 Industry Road,Mr. Manager 451,+86 13800000451,supplier451@yinglima.com,NEW,Grade C,NO,No,Verified supplier test record 451
test452,Manufacturer,Yinglima Supplier 3,Chemicals,Caustic Soda,Spare Parts 3,China,Zhejiang,Ningbo,Industrial Zone 13,No. 4520 Industry Road,Mr. Manager 452,+86 13800000452,supplier452@yinglima.com,NEW,Grade B,NO,Yes,Verified supplier test record 452
test453,Trader,Yinglima Supplier 4,Tech/Feed Grade Ingredients,Spares for Band Sealer,Spare Parts 4,China,Zhejiang,Qingdao,Industrial Zone 14,No. 4530 Industry Road,Mr. Manager 453,+86 13800000453,supplier453@yinglima.com,NEW,Grade A,NO,No,Verified supplier test record 453
test454,Manufacturer,Yinglima Supplier 5,Filteration,Vacuum Packers,Spare Parts 5,China,Zhejiang,Weifang,Industrial Zone 15,No. 4540 Industry Road,Mr. Manager 454,+86 13800000454,supplier454@yinglima.com,NEW,Grade B,NO,No,Verified supplier test record 454
test455,Trader,Yinglima Supplier 6,Pumps,Solvents,Spare Parts 1,China,Zhejiang,Shanghai,Industrial Zone 16,No. 4550 Industry Road,Mr. Manager 455,+86 13800000455,supplier455@yinglima.com,NEW,Grade C,NO,No,Verified supplier test record 455
test456,Manufacturer,Yinglima Supplier 7,Machines,Band Sealer,Spare Parts 2,China,Zhejiang,Guangzhou,Industrial Zone 17,No. 4560 Industry Road,Mr. Manager 456,+86 13800000456,supplier456@yinglima.com,NEW,Grade A,NO,Yes,Verified supplier test record 456
test457,Trader,Yinglima Supplier 8,Food Ingredients,Citric Acid,Spare Parts 3,China,Zhejiang,Shenzhen,Industrial Zone 18,No. 4570 Industry Road,Mr. Manager 457,+86 13800000457,supplier457@yinglima.com,NEW,Grade C,NO,No,Verified supplier test record 457
test458,Manufacturer,Yinglima Supplier 9,Chemicals,Caustic Soda,Spare Parts 4,China,Zhejiang,Jinan,Industrial Zone 19,No. 4580 Industry Road,Mr. Manager 458,+86 13800000458,supplier458@yinglima.com,NEW,Grade B,NO,No,Verified supplier test record 458
test459,Trader,Yinglima Supplier 10,Tech/Feed Grade Ingredients,Spares for Band Sealer,Spare Parts 5,China,Zhejiang,Yiwu,Industrial Zone 20,No. 4590 Industry Road,Mr. Manager 459,+86 13800000459,supplier459@yinglima.com,NEW,Grade A,NO,No,Verified supplier test record 459
test460,Manufacturer,Yinglima Supplier 1,Filteration,Vacuum Packers,Spare Parts 1,China,Zhejiang,Wenzhou,Industrial Zone 1,No. 4600 Industry Road,Mr. Manager 460,+86 13800000460,supplier460@yinglima.com,NEW,Grade B,NO,Yes,Verified supplier test record 460
test461,Trader,Yinglima Supplier 2,Pumps,Solvents,Spare Parts 2,China,Zhejiang,Hangzhou,Industrial Zone 2,No. 4610 Industry Road,Mr. Manager 461,+86 13800000461,supplier461@yinglima.com,NEW,Grade C,NO,No,Verified supplier test record 461
test462,Manufacturer,Yinglima Supplier 3,Machines,Band Sealer,Spare Parts 3,China,Zhejiang,Ningbo,Industrial Zone 3,No. 4620 Industry Road,Mr. Manager 462,+86 13800000462,supplier462@yinglima.com,NEW,Grade A,NO,No,Verified supplier test record 462
test463,Trader,Yinglima Supplier 4,Food Ingredients,Citric Acid,Spare Parts 4,China,Zhejiang,Qingdao,Industrial Zone 4,No. 4630 Industry Road,Mr. Manager 463,+86 13800000463,supplier463@yinglima.com,NEW,Grade C,NO,No,Verified supplier test record 463
test464,Manufacturer,Yinglima Supplier 5,Chemicals,Caustic Soda,Spare Parts 5,China,Zhejiang,Weifang,Industrial Zone 5,No. 4640 Industry Road,Mr. Manager 464,+86 13800000464,supplier464@yinglima.com,NEW,Grade B,NO,Yes,Verified supplier test record 464
test465,Trader,Yinglima Supplier 6,Tech/Feed Grade Ingredients,Spares for Band Sealer,Spare Parts 1,China,Zhejiang,Shanghai,Industrial Zone 6,No. 4650 Industry Road,Mr. Manager 465,+86 13800000465,supplier465@yinglima.com,NEW,Grade A,NO,No,Verified supplier test record 465
test466,Manufacturer,Yinglima Supplier 7,Filteration,Vacuum Packers,Spare Parts 2,China,Zhejiang,Guangzhou,Industrial Zone 7,No. 4660 Industry Road,Mr. Manager 466,+86 13800000466,supplier466@yinglima.com,NEW,Grade B,NO,No,Verified supplier test record 466
test467,Trader,Yinglima Supplier 8,Pumps,Solvents,Spare Parts 3,China,Zhejiang,Shenzhen,Industrial Zone 8,No. 4670 Industry Road,Mr. Manager 467,+86 13800000467,supplier467@yinglima.com,NEW,Grade C,NO,No,Verified supplier test record 467
test468,Manufacturer,Yinglima Supplier 9,Machines,Band Sealer,Spare Parts 4,China,Zhejiang,Jinan,Industrial Zone 9,No. 4680 Industry Road,Mr. Manager 468,+86 13800000468,supplier468@yinglima.com,NEW,Grade A,NO,Yes,Verified supplier test record 468
test469,Trader,Yinglima Supplier 10,Food Ingredients,Citric Acid,Spare Parts 5,China,Zhejiang,Yiwu,Industrial Zone 10,No. 4690 Industry Road,Mr. Manager 469,+86 13800000469,supplier469@yinglima.com,NEW,Grade C,NO,No,Verified supplier test record 469
test470,Manufacturer,Yinglima Supplier 1,Chemicals,Caustic Soda,Spare Parts 1,China,Zhejiang,Wenzhou,Industrial Zone 11,No. 4700 Industry Road,Mr. Manager 470,+86 13800000470,supplier470@yinglima.com,NEW,Grade B,NO,No,Verified supplier test record 470
test471,Trader,Yinglima Supplier 2,Tech/Feed Grade Ingredients,Spares for Band Sealer,Spare Parts 2,China,Zhejiang,Hangzhou,Industrial Zone 12,No. 4710 Industry Road,Mr. Manager 471,+86 13800000471,supplier471@yinglima.com,NEW,Grade A,NO,No,Verified supplier test record 471
test472,Manufacturer,Yinglima Supplier 3,Filteration,Vacuum Packers,Spare Parts 3,China,Zhejiang,Ningbo,Industrial Zone 13,No. 4720 Industry Road,Mr. Manager 472,+86 13800000472,supplier472@yinglima.com,NEW,Grade B,NO,Yes,Verified supplier test record 472
test473,Trader,Yinglima Supplier 4,Pumps,Solvents,Spare Parts 4,China,Zhejiang,Qingdao,Industrial Zone 14,No. 4730 Industry Road,Mr. Manager 473,+86 13800000473,supplier473@yinglima.com,NEW,Grade C,NO,No,Verified supplier test record 473
test474,Manufacturer,Yinglima Supplier 5,Machines,Band Sealer,Spare Parts 5,China,Zhejiang,Weifang,Industrial Zone 15,No. 4740 Industry Road,Mr. Manager 474,+86 13800000474,supplier474@yinglima.com,NEW,Grade A,NO,No,Verified supplier test record 474
test475,Trader,Yinglima Supplier 6,Food Ingredients,Citric Acid,Spare Parts 1,China,Zhejiang,Shanghai,Industrial Zone 16,No. 4750 Industry Road,Mr. Manager 475,+86 13800000475,supplier475@yinglima.com,NEW,Grade C,NO,No,Verified supplier test record 475
test476,Manufacturer,Yinglima Supplier 7,Chemicals,Caustic Soda,Spare Parts 2,China,Zhejiang,Guangzhou,Industrial Zone 17,No. 4760 Industry Road,Mr. Manager 476,+86 13800000476,supplier476@yinglima.com,NEW,Grade B,NO,Yes,Verified supplier test record 476
test477,Trader,Yinglima Supplier 8,Tech/Feed Grade Ingredients,Spares for Band Sealer,Spare Parts 3,China,Zhejiang,Shenzhen,Industrial Zone 18,No. 4770 Industry Road,Mr. Manager 477,+86 13800000477,supplier477@yinglima.com,NEW,Grade A,NO,No,Verified supplier test record 477
test478,Manufacturer,Yinglima Supplier 9,Filteration,Vacuum Packers,Spare Parts 4,China,Zhejiang,Jinan,Industrial Zone 19,No. 4780 Industry Road,Mr. Manager 478,+86 13800000478,supplier478@yinglima.com,NEW,Grade B,NO,No,Verified supplier test record 478
test479,Trader,Yinglima Supplier 10,Pumps,Solvents,Spare Parts 5,China,Zhejiang,Yiwu,Industrial Zone 20,No. 4790 Industry Road,Mr. Manager 479,+86 13800000479,supplier479@yinglima.com,NEW,Grade C,NO,No,Verified supplier test record 479
test480,Manufacturer,Yinglima Supplier 1,Machines,Band Sealer,Spare Parts 1,China,Zhejiang,Wenzhou,Industrial Zone 1,No. 4800 Industry Road,Mr. Manager 480,+86 13800000480,supplier480@yinglima.com,NEW,Grade A,NO,Yes,Verified supplier test record 480
test481,Trader,Yinglima Supplier 2,Food Ingredients,Citric Acid,Spare Parts 2,China,Zhejiang,Hangzhou,Industrial Zone 2,No. 4810 Industry Road,Mr. Manager 481,+86 13800000481,supplier481@yinglima.com,NEW,Grade C,NO,No,Verified supplier test record 481
test482,Manufacturer,Yinglima Supplier 3,Chemicals,Caustic Soda,Spare Parts 3,China,Zhejiang,Ningbo,Industrial Zone 3,No. 4820 Industry Road,Mr. Manager 482,+86 13800000482,supplier482@yinglima.com,NEW,Grade B,NO,No,Verified supplier test record 482
test483,Trader,Yinglima Supplier 4,Tech/Feed Grade Ingredients,Spares for Band Sealer,Spare Parts 4,China,Zhejiang,Qingdao,Industrial Zone 4,No. 4830 Industry Road,Mr. Manager 483,+86 13800000483,supplier483@yinglima.com,NEW,Grade A,NO,No,Verified supplier test record 483
test484,Manufacturer,Yinglima Supplier 5,Filteration,Vacuum Packers,Spare Parts 5,China,Zhejiang,Weifang,Industrial Zone 5,No. 4840 Industry Road,Mr. Manager 484,+86 13800000484,supplier484@yinglima.com,NEW,Grade B,NO,Yes,Verified supplier test record 484
test485,Trader,Yinglima Supplier 6,Pumps,Solvents,Spare Parts 1,China,Zhejiang,Shanghai,Industrial Zone 6,No. 4850 Industry Road,Mr. Manager 485,+86 13800000485,supplier485@yinglima.com,NEW,Grade C,NO,No,Verified supplier test record 485
test486,Manufacturer,Yinglima Supplier 7,Machines,Band Sealer,Spare Parts 2,China,Zhejiang,Guangzhou,Industrial Zone 7,No. 4860 Industry Road,Mr. Manager 486,+86 13800000486,supplier486@yinglima.com,NEW,Grade A,NO,No,Verified supplier test record 486
test487,Trader,Yinglima Supplier 8,Food Ingredients,Citric Acid,Spare Parts 3,China,Zhejiang,Shenzhen,Industrial Zone 8,No. 4870 Industry Road,Mr. Manager 487,+86 13800000487,supplier487@yinglima.com,NEW,Grade C,NO,No,Verified supplier test record 487
test488,Manufacturer,Yinglima Supplier 9,Chemicals,Caustic Soda,Spare Parts 4,China,Zhejiang,Jinan,Industrial Zone 9,No. 4880 Industry Road,Mr. Manager 488,+86 13800000488,supplier488@yinglima.com,NEW,Grade B,NO,Yes,Verified supplier test record 488
test489,Trader,Yinglima Supplier 10,Tech/Feed Grade Ingredients,Spares for Band Sealer,Spare Parts 5,China,Zhejiang,Yiwu,Industrial Zone 10,No. 4890 Industry Road,Mr. Manager 489,+86 13800000489,supplier489@yinglima.com,NEW,Grade A,NO,No,Verified supplier test record 489
test490,Manufacturer,Yinglima Supplier 1,Filteration,Vacuum Packers,Spare Parts 1,China,Zhejiang,Wenzhou,Industrial Zone 11,No. 4900 Industry Road,Mr. Manager 490,+86 13800000490,supplier490@yinglima.com,NEW,Grade B,NO,No,Verified supplier test record 490
test491,Trader,Yinglima Supplier 2,Pumps,Solvents,Spare Parts 2,China,Zhejiang,Hangzhou,Industrial Zone 12,No. 4910 Industry Road,Mr. Manager 491,+86 13800000491,supplier491@yinglima.com,NEW,Grade C,NO,No,Verified supplier test record 491
test492,Manufacturer,Yinglima Supplier 3,Machines,Band Sealer,Spare Parts 3,China,Zhejiang,Ningbo,Industrial Zone 13,No. 4920 Industry Road,Mr. Manager 492,+86 13800000492,supplier492@yinglima.com,NEW,Grade A,NO,Yes,Verified supplier test record 492
test493,Trader,Yinglima Supplier 4,Food Ingredients,Citric Acid,Spare Parts 4,China,Zhejiang,Qingdao,Industrial Zone 14,No. 4930 Industry Road,Mr. Manager 493,+86 13800000493,supplier493@yinglima.com,NEW,Grade C,NO,No,Verified supplier test record 493
test494,Manufacturer,Yinglima Supplier 5,Chemicals,Caustic Soda,Spare Parts 5,China,Zhejiang,Weifang,Industrial Zone 15,No. 4940 Industry Road,Mr. Manager 494,+86 13800000494,supplier494@yinglima.com,NEW,Grade B,NO,No,Verified supplier test record 494
test495,Trader,Yinglima Supplier 6,Tech/Feed Grade Ingredients,Spares for Band Sealer,Spare Parts 1,China,Zhejiang,Shanghai,Industrial Zone 16,No. 4950 Industry Road,Mr. Manager 495,+86 13800000495,supplier495@yinglima.com,NEW,Grade A,NO,No,Verified supplier test record 495
test496,Manufacturer,Yinglima Supplier 7,Filteration,Vacuum Packers,Spare Parts 2,China,Zhejiang,Guangzhou,Industrial Zone 17,No. 4960 Industry Road,Mr. Manager 496,+86 13800000496,supplier496@yinglima.com,NEW,Grade B,NO,Yes,Verified supplier test record 496
test497,Trader,Yinglima Supplier 8,Pumps,Solvents,Spare Parts 3,China,Zhejiang,Shenzhen,Industrial Zone 18,No. 4970 Industry Road,Mr. Manager 497,+86 13800000497,supplier497@yinglima.com,NEW,Grade C,NO,No,Verified supplier test record 497
test498,Manufacturer,Yinglima Supplier 9,Machines,Band Sealer,Spare Parts 4,China,Zhejiang,Jinan,Industrial Zone 19,No. 4980 Industry Road,Mr. Manager 498,+86 13800000498,supplier498@yinglima.com,NEW,Grade A,NO,No,Verified supplier test record 498
test499,Trader,Yinglima Supplier 10,Food Ingredients,Citric Acid,Spare Parts 5,China,Zhejiang,Yiwu,Industrial Zone 20,No. 4990 Industry Road,Mr. Manager 499,+86 13800000499,supplier499@yinglima.com,NEW,Grade C,NO,No,Verified supplier test record 499
test500,Manufacturer,Yinglima Supplier 1,Chemicals,Caustic Soda,Spare Parts 1,China,Zhejiang,Wenzhou,Industrial Zone 1,No. 5000 Industry Road,Mr. Manager 500,+86 13800000500,supplier500@yinglima.com,NEW,Grade B,NO,Yes,Verified supplier test record 500
test501,Trader,Yinglima Supplier 2,Tech/Feed Grade Ingredients,Spares for Band Sealer,Spare Parts 2,China,Zhejiang,Hangzhou,Industrial Zone 2,No. 5010 Industry Road,Mr. Manager 501,+86 13800000501,supplier501@yinglima.com,NEW,Grade A,NO,No,Verified supplier test record 501
test502,Manufacturer,Yinglima Supplier 3,Filteration,Vacuum Packers,Spare Parts 3,China,Zhejiang,Ningbo,Industrial Zone 3,No. 5020 Industry Road,Mr. Manager 502,+86 13800000502,supplier502@yinglima.com,NEW,Grade B,NO,No,Verified supplier test record 502
test503,Trader,Yinglima Supplier 4,Pumps,Solvents,Spare Parts 4,China,Zhejiang,Qingdao,Industrial Zone 4,No. 5030 Industry Road,Mr. Manager 503,+86 13800000503,supplier503@yinglima.com,NEW,Grade C,NO,No,Verified supplier test record 503
test504,Manufacturer,Yinglima Supplier 5,Machines,Band Sealer,Spare Parts 5,China,Zhejiang,Weifang,Industrial Zone 5,No. 5040 Industry Road,Mr. Manager 504,+86 13800000504,supplier504@yinglima.com,NEW,Grade A,NO,Yes,Verified supplier test record 504
test505,Trader,Yinglima Supplier 6,Food Ingredients,Citric Acid,Spare Parts 1,China,Zhejiang,Shanghai,Industrial Zone 6,No. 5050 Industry Road,Mr. Manager 505,+86 13800000505,supplier505@yinglima.com,NEW,Grade C,NO,No,Verified supplier test record 505
test506,Manufacturer,Yinglima Supplier 7,Chemicals,Caustic Soda,Spare Parts 2,China,Zhejiang,Guangzhou,Industrial Zone 7,No. 5060 Industry Road,Mr. Manager 506,+86 13800000506,supplier506@yinglima.com,NEW,Grade B,NO,No,Verified supplier test record 506
test507,Trader,Yinglima Supplier 8,Tech/Feed Grade Ingredients,Spares for Band Sealer,Spare Parts 3,China,Zhejiang,Shenzhen,Industrial Zone 8,No. 5070 Industry Road,Mr. Manager 507,+86 13800000507,supplier507@yinglima.com,NEW,Grade A,NO,No,Verified supplier test record 507
test508,Manufacturer,Yinglima Supplier 9,Filteration,Vacuum Packers,Spare Parts 4,China,Zhejiang,Jinan,Industrial Zone 9,No. 5080 Industry Road,Mr. Manager 508,+86 13800000508,supplier508@yinglima.com,NEW,Grade B,NO,Yes,Verified supplier test record 508
test509,Trader,Yinglima Supplier 10,Pumps,Solvents,Spare Parts 5,China,Zhejiang,Yiwu,Industrial Zone 10,No. 5090 Industry Road,Mr. Manager 509,+86 13800000509,supplier509@yinglima.com,NEW,Grade C,NO,No,Verified supplier test record 509
test510,Manufacturer,Yinglima Supplier 1,Machines,Band Sealer,Spare Parts 1,China,Zhejiang,Wenzhou,Industrial Zone 11,No. 5100 Industry Road,Mr. Manager 510,+86 13800000510,supplier510@yinglima.com,NEW,Grade A,NO,No,Verified supplier test record 510
test511,Trader,Yinglima Supplier 2,Food Ingredients,Citric Acid,Spare Parts 2,China,Zhejiang,Hangzhou,Industrial Zone 12,No. 5110 Industry Road,Mr. Manager 511,+86 13800000511,supplier511@yinglima.com,NEW,Grade C,NO,No,Verified supplier test record 511
test512,Manufacturer,Yinglima Supplier 3,Chemicals,Caustic Soda,Spare Parts 3,China,Zhejiang,Ningbo,Industrial Zone 13,No. 5120 Industry Road,Mr. Manager 512,+86 13800000512,supplier512@yinglima.com,NEW,Grade B,NO,Yes,Verified supplier test record 512
test513,Trader,Yinglima Supplier 4,Tech/Feed Grade Ingredients,Spares for Band Sealer,Spare Parts 4,China,Zhejiang,Qingdao,Industrial Zone 14,No. 5130 Industry Road,Mr. Manager 513,+86 13800000513,supplier513@yinglima.com,NEW,Grade A,NO,No,Verified supplier test record 513
test514,Manufacturer,Yinglima Supplier 5,Filteration,Vacuum Packers,Spare Parts 5,China,Zhejiang,Weifang,Industrial Zone 15,No. 5140 Industry Road,Mr. Manager 514,+86 13800000514,supplier514@yinglima.com,NEW,Grade B,NO,No,Verified supplier test record 514
test515,Trader,Yinglima Supplier 6,Pumps,Solvents,Spare Parts 1,China,Zhejiang,Shanghai,Industrial Zone 16,No. 5150 Industry Road,Mr. Manager 515,+86 13800000515,supplier515@yinglima.com,NEW,Grade C,NO,No,Verified supplier test record 515
test516,Manufacturer,Yinglima Supplier 7,Machines,Band Sealer,Spare Parts 2,China,Zhejiang,Guangzhou,Industrial Zone 17,No. 5160 Industry Road,Mr. Manager 516,+86 13800000516,supplier516@yinglima.com,NEW,Grade A,NO,Yes,Verified supplier test record 516
test517,Trader,Yinglima Supplier 8,Food Ingredients,Citric Acid,Spare Parts 3,China,Zhejiang,Shenzhen,Industrial Zone 18,No. 5170 Industry Road,Mr. Manager 517,+86 13800000517,supplier517@yinglima.com,NEW,Grade C,NO,No,Verified supplier test record 517
test518,Manufacturer,Yinglima Supplier 9,Chemicals,Caustic Soda,Spare Parts 4,China,Zhejiang,Jinan,Industrial Zone 19,No. 5180 Industry Road,Mr. Manager 518,+86 13800000518,supplier518@yinglima.com,NEW,Grade B,NO,No,Verified supplier test record 518
test519,Trader,Yinglima Supplier 10,Tech/Feed Grade Ingredients,Spares for Band Sealer,Spare Parts 5,China,Zhejiang,Yiwu,Industrial Zone 20,No. 5190 Industry Road,Mr. Manager 519,+86 13800000519,supplier519@yinglima.com,NEW,Grade A,NO,No,Verified supplier test record 519
test520,Manufacturer,Yinglima Supplier 1,Filteration,Vacuum Packers,Spare Parts 1,China,Zhejiang,Wenzhou,Industrial Zone 1,No. 5200 Industry Road,Mr. Manager 520,+86 13800000520,supplier520@yinglima.com,NEW,Grade B,NO,Yes,Verified supplier test record 520
test521,Trader,Yinglima Supplier 2,Pumps,Solvents,Spare Parts 2,China,Zhejiang,Hangzhou,Industrial Zone 2,No. 5210 Industry Road,Mr. Manager 521,+86 13800000521,supplier521@yinglima.com,NEW,Grade C,NO,No,Verified supplier test record 521
test522,Manufacturer,Yinglima Supplier 3,Machines,Band Sealer,Spare Parts 3,China,Zhejiang,Ningbo,Industrial Zone 3,No. 5220 Industry Road,Mr. Manager 522,+86 13800000522,supplier522@yinglima.com,NEW,Grade A,NO,No,Verified supplier test record 522
test523,Trader,Yinglima Supplier 4,Food Ingredients,Citric Acid,Spare Parts 4,China,Zhejiang,Qingdao,Industrial Zone 4,No. 5230 Industry Road,Mr. Manager 523,+86 13800000523,supplier523@yinglima.com,NEW,Grade C,NO,No,Verified supplier test record 523
test524,Manufacturer,Yinglima Supplier 5,Chemicals,Caustic Soda,Spare Parts 5,China,Zhejiang,Weifang,Industrial Zone 5,No. 5240 Industry Road,Mr. Manager 524,+86 13800000524,supplier524@yinglima.com,NEW,Grade B,NO,Yes,Verified supplier test record 524
test525,Trader,Yinglima Supplier 6,Tech/Feed Grade Ingredients,Spares for Band Sealer,Spare Parts 1,China,Zhejiang,Shanghai,Industrial Zone 6,No. 5250 Industry Road,Mr. Manager 525,+86 13800000525,supplier525@yinglima.com,NEW,Grade A,NO,No,Verified supplier test record 525
test526,Manufacturer,Yinglima Supplier 7,Filteration,Vacuum Packers,Spare Parts 2,China,Zhejiang,Guangzhou,Industrial Zone 7,No. 5260 Industry Road,Mr. Manager 526,+86 13800000526,supplier526@yinglima.com,NEW,Grade B,NO,No,Verified supplier test record 526
test527,Trader,Yinglima Supplier 8,Pumps,Solvents,Spare Parts 3,China,Zhejiang,Shenzhen,Industrial Zone 8,No. 5270 Industry Road,Mr. Manager 527,+86 13800000527,supplier527@yinglima.com,NEW,Grade C,NO,No,Verified supplier test record 527
test528,Manufacturer,Yinglima Supplier 9,Machines,Band Sealer,Spare Parts 4,China,Zhejiang,Jinan,Industrial Zone 9,No. 5280 Industry Road,Mr. Manager 528,+86 13800000528,supplier528@yinglima.com,NEW,Grade A,NO,Yes,Verified supplier test record 528
test529,Trader,Yinglima Supplier 10,Food Ingredients,Citric Acid,Spare Parts 5,China,Zhejiang,Yiwu,Industrial Zone 10,No. 5290 Industry Road,Mr. Manager 529,+86 13800000529,supplier529@yinglima.com,NEW,Grade C,NO,No,Verified supplier test record 529
test530,Manufacturer,Yinglima Supplier 1,Chemicals,Caustic Soda,Spare Parts 1,China,Zhejiang,Wenzhou,Industrial Zone 11,No. 5300 Industry Road,Mr. Manager 530,+86 13800000530,supplier530@yinglima.com,NEW,Grade B,NO,No,Verified supplier test record 530
test531,Trader,Yinglima Supplier 2,Tech/Feed Grade Ingredients,Spares for Band Sealer,Spare Parts 2,China,Zhejiang,Hangzhou,Industrial Zone 12,No. 5310 Industry Road,Mr. Manager 531,+86 13800000531,supplier531@yinglima.com,NEW,Grade A,NO,No,Verified supplier test record 531
test532,Manufacturer,Yinglima Supplier 3,Filteration,Vacuum Packers,Spare Parts 3,China,Zhejiang,Ningbo,Industrial Zone 13,No. 5320 Industry Road,Mr. Manager 532,+86 13800000532,supplier532@yinglima.com,NEW,Grade B,NO,Yes,Verified supplier test record 532
test533,Trader,Yinglima Supplier 4,Pumps,Solvents,Spare Parts 4,China,Zhejiang,Qingdao,Industrial Zone 14,No. 5330 Industry Road,Mr. Manager 533,+86 13800000533,supplier533@yinglima.com,NEW,Grade C,NO,No,Verified supplier test record 533
test534,Manufacturer,Yinglima Supplier 5,Machines,Band Sealer,Spare Parts 5,China,Zhejiang,Weifang,Industrial Zone 15,No. 5340 Industry Road,Mr. Manager 534,+86 13800000534,supplier534@yinglima.com,NEW,Grade A,NO,No,Verified supplier test record 534
test535,Trader,Yinglima Supplier 6,Food Ingredients,Citric Acid,Spare Parts 1,China,Zhejiang,Shanghai,Industrial Zone 16,No. 5350 Industry Road,Mr. Manager 535,+86 13800000535,supplier535@yinglima.com,NEW,Grade C,NO,No,Verified supplier test record 535
test536,Manufacturer,Yinglima Supplier 7,Chemicals,Caustic Soda,Spare Parts 2,China,Zhejiang,Guangzhou,Industrial Zone 17,No. 5360 Industry Road,Mr. Manager 536,+86 13800000536,supplier536@yinglima.com,NEW,Grade B,NO,Yes,Verified supplier test record 536
test537,Trader,Yinglima Supplier 8,Tech/Feed Grade Ingredients,Spares for Band Sealer,Spare Parts 3,China,Zhejiang,Shenzhen,Industrial Zone 18,No. 5370 Industry Road,Mr. Manager 537,+86 13800000537,supplier537@yinglima.com,NEW,Grade A,NO,No,Verified supplier test record 537
test538,Manufacturer,Yinglima Supplier 9,Filteration,Vacuum Packers,Spare Parts 4,China,Zhejiang,Jinan,Industrial Zone 19,No. 5380 Industry Road,Mr. Manager 538,+86 13800000538,supplier538@yinglima.com,NEW,Grade B,NO,No,Verified supplier test record 538
test539,Trader,Yinglima Supplier 10,Pumps,Solvents,Spare Parts 5,China,Zhejiang,Yiwu,Industrial Zone 20,No. 5390 Industry Road,Mr. Manager 539,+86 13800000539,supplier539@yinglima.com,NEW,Grade C,NO,No,Verified supplier test record 539
test540,Manufacturer,Yinglima Supplier 1,Machines,Band Sealer,Spare Parts 1,China,Zhejiang,Wenzhou,Industrial Zone 1,No. 5400 Industry Road,Mr. Manager 540,+86 13800000540,supplier540@yinglima.com,NEW,Grade A,NO,Yes,Verified supplier test record 540
test541,Trader,Yinglima Supplier 2,Food Ingredients,Citric Acid,Spare Parts 2,China,Zhejiang,Hangzhou,Industrial Zone 2,No. 5410 Industry Road,Mr. Manager 541,+86 13800000541,supplier541@yinglima.com,NEW,Grade C,NO,No,Verified supplier test record 541
test542,Manufacturer,Yinglima Supplier 3,Chemicals,Caustic Soda,Spare Parts 3,China,Zhejiang,Ningbo,Industrial Zone 3,No. 5420 Industry Road,Mr. Manager 542,+86 13800000542,supplier542@yinglima.com,NEW,Grade B,NO,No,Verified supplier test record 542
test543,Trader,Yinglima Supplier 4,Tech/Feed Grade Ingredients,Spares for Band Sealer,Spare Parts 4,China,Zhejiang,Qingdao,Industrial Zone 4,No. 5430 Industry Road,Mr. Manager 543,+86 13800000543,supplier543@yinglima.com,NEW,Grade A,NO,No,Verified supplier test record 543
test544,Manufacturer,Yinglima Supplier 5,Filteration,Vacuum Packers,Spare Parts 5,China,Zhejiang,Weifang,Industrial Zone 5,No. 5440 Industry Road,Mr. Manager 544,+86 13800000544,supplier544@yinglima.com,NEW,Grade B,NO,Yes,Verified supplier test record 544
test545,Trader,Yinglima Supplier 6,Pumps,Solvents,Spare Parts 1,China,Zhejiang,Shanghai,Industrial Zone 6,No. 5450 Industry Road,Mr. Manager 545,+86 13800000545,supplier545@yinglima.com,NEW,Grade C,NO,No,Verified supplier test record 545
test546,Manufacturer,Yinglima Supplier 7,Machines,Band Sealer,Spare Parts 2,China,Zhejiang,Guangzhou,Industrial Zone 7,No. 5460 Industry Road,Mr. Manager 546,+86 13800000546,supplier546@yinglima.com,NEW,Grade A,NO,No,Verified supplier test record 546
test547,Trader,Yinglima Supplier 8,Food Ingredients,Citric Acid,Spare Parts 3,China,Zhejiang,Shenzhen,Industrial Zone 8,No. 5470 Industry Road,Mr. Manager 547,+86 13800000547,supplier547@yinglima.com,NEW,Grade C,NO,No,Verified supplier test record 547
test548,Manufacturer,Yinglima Supplier 9,Chemicals,Caustic Soda,Spare Parts 4,China,Zhejiang,Jinan,Industrial Zone 9,No. 5480 Industry Road,Mr. Manager 548,+86 13800000548,supplier548@yinglima.com,NEW,Grade B,NO,Yes,Verified supplier test record 548
test549,Trader,Yinglima Supplier 10,Tech/Feed Grade Ingredients,Spares for Band Sealer,Spare Parts 5,China,Zhejiang,Yiwu,Industrial Zone 10,No. 5490 Industry Road,Mr. Manager 549,+86 13800000549,supplier549@yinglima.com,NEW,Grade A,NO,No,Verified supplier test record 549
test550,Manufacturer,Yinglima Supplier 1,Filteration,Vacuum Packers,Spare Parts 1,China,Zhejiang,Wenzhou,Industrial Zone 11,No. 5500 Industry Road,Mr. Manager 550,+86 13800000550,supplier550@yinglima.com,NEW,Grade B,NO,No,Verified supplier test record 550
test551,Trader,Yinglima Supplier 2,Pumps,Solvents,Spare Parts 2,China,Zhejiang,Hangzhou,Industrial Zone 12,No. 5510 Industry Road,Mr. Manager 551,+86 13800000551,supplier551@yinglima.com,NEW,Grade C,NO,No,Verified supplier test record 551
test552,Manufacturer,Yinglima Supplier 3,Machines,Band Sealer,Spare Parts 3,China,Zhejiang,Ningbo,Industrial Zone 13,No. 5520 Industry Road,Mr. Manager 552,+86 13800000552,supplier552@yinglima.com,NEW,Grade A,NO,Yes,Verified supplier test record 552
test553,Trader,Yinglima Supplier 4,Food Ingredients,Citric Acid,Spare Parts 4,China,Zhejiang,Qingdao,Industrial Zone 14,No. 5530 Industry Road,Mr. Manager 553,+86 13800000553,supplier553@yinglima.com,NEW,Grade C,NO,No,Verified supplier test record 553
test554,Manufacturer,Yinglima Supplier 5,Chemicals,Caustic Soda,Spare Parts 5,China,Zhejiang,Weifang,Industrial Zone 15,No. 5540 Industry Road,Mr. Manager 554,+86 13800000554,supplier554@yinglima.com,NEW,Grade B,NO,No,Verified supplier test record 554
test555,Trader,Yinglima Supplier 6,Tech/Feed Grade Ingredients,Spares for Band Sealer,Spare Parts 1,China,Zhejiang,Shanghai,Industrial Zone 16,No. 5550 Industry Road,Mr. Manager 555,+86 13800000555,supplier555@yinglima.com,NEW,Grade A,NO,No,Verified supplier test record 555
test556,Manufacturer,Yinglima Supplier 7,Filteration,Vacuum Packers,Spare Parts 2,China,Zhejiang,Guangzhou,Industrial Zone 17,No. 5560 Industry Road,Mr. Manager 556,+86 13800000556,supplier556@yinglima.com,NEW,Grade B,NO,Yes,Verified supplier test record 556
test557,Trader,Yinglima Supplier 8,Pumps,Solvents,Spare Parts 3,China,Zhejiang,Shenzhen,Industrial Zone 18,No. 5570 Industry Road,Mr. Manager 557,+86 13800000557,supplier557@yinglima.com,NEW,Grade C,NO,No,Verified supplier test record 557
test558,Manufacturer,Yinglima Supplier 9,Machines,Band Sealer,Spare Parts 4,China,Zhejiang,Jinan,Industrial Zone 19,No. 5580 Industry Road,Mr. Manager 558,+86 13800000558,supplier558@yinglima.com,NEW,Grade A,NO,No,Verified supplier test record 558
test559,Trader,Yinglima Supplier 10,Food Ingredients,Citric Acid,Spare Parts 5,China,Zhejiang,Yiwu,Industrial Zone 20,No. 5590 Industry Road,Mr. Manager 559,+86 13800000559,supplier559@yinglima.com,NEW,Grade C,NO,No,Verified supplier test record 559
test560,Manufacturer,Yinglima Supplier 1,Chemicals,Caustic Soda,Spare Parts 1,China,Zhejiang,Wenzhou,Industrial Zone 1,No. 5600 Industry Road,Mr. Manager 560,+86 13800000560,supplier560@yinglima.com,NEW,Grade B,NO,Yes,Verified supplier test record 560
test561,Trader,Yinglima Supplier 2,Tech/Feed Grade Ingredients,Spares for Band Sealer,Spare Parts 2,China,Zhejiang,Hangzhou,Industrial Zone 2,No. 5610 Industry Road,Mr. Manager 561,+86 13800000561,supplier561@yinglima.com,NEW,Grade A,NO,No,Verified supplier test record 561
test562,Manufacturer,Yinglima Supplier 3,Filteration,Vacuum Packers,Spare Parts 3,China,Zhejiang,Ningbo,Industrial Zone 3,No. 5620 Industry Road,Mr. Manager 562,+86 13800000562,supplier562@yinglima.com,NEW,Grade B,NO,No,Verified supplier test record 562
test563,Trader,Yinglima Supplier 4,Pumps,Solvents,Spare Parts 4,China,Zhejiang,Qingdao,Industrial Zone 4,No. 5630 Industry Road,Mr. Manager 563,+86 13800000563,supplier563@yinglima.com,NEW,Grade C,NO,No,Verified supplier test record 563
test564,Manufacturer,Yinglima Supplier 5,Machines,Band Sealer,Spare Parts 5,China,Zhejiang,Weifang,Industrial Zone 5,No. 5640 Industry Road,Mr. Manager 564,+86 13800000564,supplier564@yinglima.com,NEW,Grade A,NO,Yes,Verified supplier test record 564
test565,Trader,Yinglima Supplier 6,Food Ingredients,Citric Acid,Spare Parts 1,China,Zhejiang,Shanghai,Industrial Zone 6,No. 5650 Industry Road,Mr. Manager 565,+86 13800000565,supplier565@yinglima.com,NEW,Grade C,NO,No,Verified supplier test record 565
test566,Manufacturer,Yinglima Supplier 7,Chemicals,Caustic Soda,Spare Parts 2,China,Zhejiang,Guangzhou,Industrial Zone 7,No. 5660 Industry Road,Mr. Manager 566,+86 13800000566,supplier566@yinglima.com,NEW,Grade B,NO,No,Verified supplier test record 566
test567,Trader,Yinglima Supplier 8,Tech/Feed Grade Ingredients,Spares for Band Sealer,Spare Parts 3,China,Zhejiang,Shenzhen,Industrial Zone 8,No. 5670 Industry Road,Mr. Manager 567,+86 13800000567,supplier567@yinglima.com,NEW,Grade A,NO,No,Verified supplier test record 567
test568,Manufacturer,Yinglima Supplier 9,Filteration,Vacuum Packers,Spare Parts 4,China,Zhejiang,Jinan,Industrial Zone 9,No. 5680 Industry Road,Mr. Manager 568,+86 13800000568,supplier568@yinglima.com,NEW,Grade B,NO,Yes,Verified supplier test record 568
test569,Trader,Yinglima Supplier 10,Pumps,Solvents,Spare Parts 5,China,Zhejiang,Yiwu,Industrial Zone 10,No. 5690 Industry Road,Mr. Manager 569,+86 13800000569,supplier569@yinglima.com,NEW,Grade C,NO,No,Verified supplier test record 569
test570,Manufacturer,Yinglima Supplier 1,Machines,Band Sealer,Spare Parts 1,China,Zhejiang,Wenzhou,Industrial Zone 11,No. 5700 Industry Road,Mr. Manager 570,+86 13800000570,supplier570@yinglima.com,NEW,Grade A,NO,No,Verified supplier test record 570
test571,Trader,Yinglima Supplier 2,Food Ingredients,Citric Acid,Spare Parts 2,China,Zhejiang,Hangzhou,Industrial Zone 12,No. 5710 Industry Road,Mr. Manager 571,+86 13800000571,supplier571@yinglima.com,NEW,Grade C,NO,No,Verified supplier test record 571
test572,Manufacturer,Yinglima Supplier 3,Chemicals,Caustic Soda,Spare Parts 3,China,Zhejiang,Ningbo,Industrial Zone 13,No. 5720 Industry Road,Mr. Manager 572,+86 13800000572,supplier572@yinglima.com,NEW,Grade B,NO,Yes,Verified supplier test record 572
test573,Trader,Yinglima Supplier 4,Tech/Feed Grade Ingredients,Spares for Band Sealer,Spare Parts 4,China,Zhejiang,Qingdao,Industrial Zone 14,No. 5730 Industry Road,Mr. Manager 573,+86 13800000573,supplier573@yinglima.com,NEW,Grade A,NO,No,Verified supplier test record 573
test574,Manufacturer,Yinglima Supplier 5,Filteration,Vacuum Packers,Spare Parts 5,China,Zhejiang,Weifang,Industrial Zone 15,No. 5740 Industry Road,Mr. Manager 574,+86 13800000574,supplier574@yinglima.com,NEW,Grade B,NO,No,Verified supplier test record 574
test575,Trader,Yinglima Supplier 6,Pumps,Solvents,Spare Parts 1,China,Zhejiang,Shanghai,Industrial Zone 16,No. 5750 Industry Road,Mr. Manager 575,+86 13800000575,supplier575@yinglima.com,NEW,Grade C,NO,No,Verified supplier test record 575
test576,Manufacturer,Yinglima Supplier 7,Machines,Band Sealer,Spare Parts 2,China,Zhejiang,Guangzhou,Industrial Zone 17,No. 5760 Industry Road,Mr. Manager 576,+86 13800000576,supplier576@yinglima.com,NEW,Grade A,NO,Yes,Verified supplier test record 576
test577,Trader,Yinglima Supplier 8,Food Ingredients,Citric Acid,Spare Parts 3,China,Zhejiang,Shenzhen,Industrial Zone 18,No. 5770 Industry Road,Mr. Manager 577,+86 13800000577,supplier577@yinglima.com,NEW,Grade C,NO,No,Verified supplier test record 577
test578,Manufacturer,Yinglima Supplier 9,Chemicals,Caustic Soda,Spare Parts 4,China,Zhejiang,Jinan,Industrial Zone 19,No. 5780 Industry Road,Mr. Manager 578,+86 13800000578,supplier578@yinglima.com,NEW,Grade B,NO,No,Verified supplier test record 578
test579,Trader,Yinglima Supplier 10,Tech/Feed Grade Ingredients,Spares for Band Sealer,Spare Parts 5,China,Zhejiang,Yiwu,Industrial Zone 20,No. 5790 Industry Road,Mr. Manager 579,+86 13800000579,supplier579@yinglima.com,NEW,Grade A,NO,No,Verified supplier test record 579
test580,Manufacturer,Yinglima Supplier 1,Filteration,Vacuum Packers,Spare Parts 1,China,Zhejiang,Wenzhou,Industrial Zone 1,No. 5800 Industry Road,Mr. Manager 580,+86 13800000580,supplier580@yinglima.com,NEW,Grade B,NO,Yes,Verified supplier test record 580
test581,Trader,Yinglima Supplier 2,Pumps,Solvents,Spare Parts 2,China,Zhejiang,Hangzhou,Industrial Zone 2,No. 5810 Industry Road,Mr. Manager 581,+86 13800000581,supplier581@yinglima.com,NEW,Grade C,NO,No,Verified supplier test record 581
test582,Manufacturer,Yinglima Supplier 3,Machines,Band Sealer,Spare Parts 3,China,Zhejiang,Ningbo,Industrial Zone 3,No. 5820 Industry Road,Mr. Manager 582,+86 13800000582,supplier582@yinglima.com,NEW,Grade A,NO,No,Verified supplier test record 582
test583,Trader,Yinglima Supplier 4,Food Ingredients,Citric Acid,Spare Parts 4,China,Zhejiang,Qingdao,Industrial Zone 4,No. 5830 Industry Road,Mr. Manager 583,+86 13800000583,supplier583@yinglima.com,NEW,Grade C,NO,No,Verified supplier test record 583
test584,Manufacturer,Yinglima Supplier 5,Chemicals,Caustic Soda,Spare Parts 5,China,Zhejiang,Weifang,Industrial Zone 5,No. 5840 Industry Road,Mr. Manager 584,+86 13800000584,supplier584@yinglima.com,NEW,Grade B,NO,Yes,Verified supplier test record 584
test585,Trader,Yinglima Supplier 6,Tech/Feed Grade Ingredients,Spares for Band Sealer,Spare Parts 1,China,Zhejiang,Shanghai,Industrial Zone 6,No. 5850 Industry Road,Mr. Manager 585,+86 13800000585,supplier585@yinglima.com,NEW,Grade A,NO,No,Verified supplier test record 585
test586,Manufacturer,Yinglima Supplier 7,Filteration,Vacuum Packers,Spare Parts 2,China,Zhejiang,Guangzhou,Industrial Zone 7,No. 5860 Industry Road,Mr. Manager 586,+86 13800000586,supplier586@yinglima.com,NEW,Grade B,NO,No,Verified supplier test record 586
test587,Trader,Yinglima Supplier 8,Pumps,Solvents,Spare Parts 3,China,Zhejiang,Shenzhen,Industrial Zone 8,No. 5870 Industry Road,Mr. Manager 587,+86 13800000587,supplier587@yinglima.com,NEW,Grade C,NO,No,Verified supplier test record 587
test588,Manufacturer,Yinglima Supplier 9,Machines,Band Sealer,Spare Parts 4,China,Zhejiang,Jinan,Industrial Zone 9,No. 5880 Industry Road,Mr. Manager 588,+86 13800000588,supplier588@yinglima.com,NEW,Grade A,NO,Yes,Verified supplier test record 588
test589,Trader,Yinglima Supplier 10,Food Ingredients,Citric Acid,Spare Parts 5,China,Zhejiang,Yiwu,Industrial Zone 10,No. 5890 Industry Road,Mr. Manager 589,+86 13800000589,supplier589@yinglima.com,NEW,Grade C,NO,No,Verified supplier test record 589
test590,Manufacturer,Yinglima Supplier 1,Chemicals,Caustic Soda,Spare Parts 1,China,Zhejiang,Wenzhou,Industrial Zone 11,No. 5900 Industry Road,Mr. Manager 590,+86 13800000590,supplier590@yinglima.com,NEW,Grade B,NO,No,Verified supplier test record 590
test591,Trader,Yinglima Supplier 2,Tech/Feed Grade Ingredients,Spares for Band Sealer,Spare Parts 2,China,Zhejiang,Hangzhou,Industrial Zone 12,No. 5910 Industry Road,Mr. Manager 591,+86 13800000591,supplier591@yinglima.com,NEW,Grade A,NO,No,Verified supplier test record 591
test592,Manufacturer,Yinglima Supplier 3,Filteration,Vacuum Packers,Spare Parts 3,China,Zhejiang,Ningbo,Industrial Zone 13,No. 5920 Industry Road,Mr. Manager 592,+86 13800000592,supplier592@yinglima.com,NEW,Grade B,NO,Yes,Verified supplier test record 592
test593,Trader,Yinglima Supplier 4,Pumps,Solvents,Spare Parts 4,China,Zhejiang,Qingdao,Industrial Zone 14,No. 5930 Industry Road,Mr. Manager 593,+86 13800000593,supplier593@yinglima.com,NEW,Grade C,NO,No,Verified supplier test record 593
test594,Manufacturer,Yinglima Supplier 5,Machines,Band Sealer,Spare Parts 5,China,Zhejiang,Weifang,Industrial Zone 15,No. 5940 Industry Road,Mr. Manager 594,+86 13800000594,supplier594@yinglima.com,NEW,Grade A,NO,No,Verified supplier test record 594
test595,Trader,Yinglima Supplier 6,Food Ingredients,Citric Acid,Spare Parts 1,China,Zhejiang,Shanghai,Industrial Zone 16,No. 5950 Industry Road,Mr. Manager 595,+86 13800000595,supplier595@yinglima.com,NEW,Grade C,NO,No,Verified supplier test record 595
test596,Manufacturer,Yinglima Supplier 7,Chemicals,Caustic Soda,Spare Parts 2,China,Zhejiang,Guangzhou,Industrial Zone 17,No. 5960 Industry Road,Mr. Manager 596,+86 13800000596,supplier596@yinglima.com,NEW,Grade B,NO,Yes,Verified supplier test record 596
test597,Trader,Yinglima Supplier 8,Tech/Feed Grade Ingredients,Spares for Band Sealer,Spare Parts 3,China,Zhejiang,Shenzhen,Industrial Zone 18,No. 5970 Industry Road,Mr. Manager 597,+86 13800000597,supplier597@yinglima.com,NEW,Grade A,NO,No,Verified supplier test record 597
test598,Manufacturer,Yinglima Supplier 9,Filteration,Vacuum Packers,Spare Parts 4,China,Zhejiang,Jinan,Industrial Zone 19,No. 5980 Industry Road,Mr. Manager 598,+86 13800000598,supplier598@yinglima.com,NEW,Grade B,NO,No,Verified supplier test record 598
test599,Trader,Yinglima Supplier 10,Pumps,Solvents,Spare Parts 5,China,Zhejiang,Yiwu,Industrial Zone 20,No. 5990 Industry Road,Mr. Manager 599,+86 13800000599,supplier599@yinglima.com,NEW,Grade C,NO,No,Verified supplier test record 599
test600,Manufacturer,Yinglima Supplier 1,Machines,Band Sealer,Spare Parts 1,China,Zhejiang,Wenzhou,Industrial Zone 1,No. 6000 Industry Road,Mr. Manager 600,+86 13800000600,supplier600@yinglima.com,NEW,Grade A,NO,Yes,Verified supplier test record 600
test601,Trader,Yinglima Supplier 2,Food Ingredients,Citric Acid,Spare Parts 2,China,Zhejiang,Hangzhou,Industrial Zone 2,No. 6010 Industry Road,Mr. Manager 601,+86 13800000601,supplier601@yinglima.com,NEW,Grade C,NO,No,Verified supplier test record 601
test602,Manufacturer,Yinglima Supplier 3,Chemicals,Caustic Soda,Spare Parts 3,China,Zhejiang,Ningbo,Industrial Zone 3,No. 6020 Industry Road,Mr. Manager 602,+86 13800000602,supplier602@yinglima.com,NEW,Grade B,NO,No,Verified supplier test record 602
test603,Trader,Yinglima Supplier 4,Tech/Feed Grade Ingredients,Spares for Band Sealer,Spare Parts 4,China,Zhejiang,Qingdao,Industrial Zone 4,No. 6030 Industry Road,Mr. Manager 603,+86 13800000603,supplier603@yinglima.com,NEW,Grade A,NO,No,Verified supplier test record 603
test604,Manufacturer,Yinglima Supplier 5,Filteration,Vacuum Packers,Spare Parts 5,China,Zhejiang,Weifang,Industrial Zone 5,No. 6040 Industry Road,Mr. Manager 604,+86 13800000604,supplier604@yinglima.com,NEW,Grade B,NO,Yes,Verified supplier test record 604
test605,Trader,Yinglima Supplier 6,Pumps,Solvents,Spare Parts 1,China,Zhejiang,Shanghai,Industrial Zone 6,No. 6050 Industry Road,Mr. Manager 605,+86 13800000605,supplier605@yinglima.com,NEW,Grade C,NO,No,Verified supplier test record 605
test606,Manufacturer,Yinglima Supplier 7,Machines,Band Sealer,Spare Parts 2,China,Zhejiang,Guangzhou,Industrial Zone 7,No. 6060 Industry Road,Mr. Manager 606,+86 13800000606,supplier606@yinglima.com,NEW,Grade A,NO,No,Verified supplier test record 606
test607,Trader,Yinglima Supplier 8,Food Ingredients,Citric Acid,Spare Parts 3,China,Zhejiang,Shenzhen,Industrial Zone 8,No. 6070 Industry Road,Mr. Manager 607,+86 13800000607,supplier607@yinglima.com,NEW,Grade C,NO,No,Verified supplier test record 607
test608,Manufacturer,Yinglima Supplier 9,Chemicals,Caustic Soda,Spare Parts 4,China,Zhejiang,Jinan,Industrial Zone 9,No. 6080 Industry Road,Mr. Manager 608,+86 13800000608,supplier608@yinglima.com,NEW,Grade B,NO,Yes,Verified supplier test record 608
test609,Trader,Yinglima Supplier 10,Tech/Feed Grade Ingredients,Spares for Band Sealer,Spare Parts 5,China,Zhejiang,Yiwu,Industrial Zone 10,No. 6090 Industry Road,Mr. Manager 609,+86 13800000609,supplier609@yinglima.com,NEW,Grade A,NO,No,Verified supplier test record 609
test610,Manufacturer,Yinglima Supplier 1,Filteration,Vacuum Packers,Spare Parts 1,China,Zhejiang,Wenzhou,Industrial Zone 11,No. 6100 Industry Road,Mr. Manager 610,+86 13800000610,supplier610@yinglima.com,NEW,Grade B,NO,No,Verified supplier test record 610
test611,Trader,Yinglima Supplier 2,Pumps,Solvents,Spare Parts 2,China,Zhejiang,Hangzhou,Industrial Zone 12,No. 6110 Industry Road,Mr. Manager 611,+86 13800000611,supplier611@yinglima.com,NEW,Grade C,NO,No,Verified supplier test record 611
test612,Manufacturer,Yinglima Supplier 3,Machines,Band Sealer,Spare Parts 3,China,Zhejiang,Ningbo,Industrial Zone 13,No. 6120 Industry Road,Mr. Manager 612,+86 13800000612,supplier612@yinglima.com,NEW,Grade A,NO,Yes,Verified supplier test record 612
test613,Trader,Yinglima Supplier 4,Food Ingredients,Citric Acid,Spare Parts 4,China,Zhejiang,Qingdao,Industrial Zone 14,No. 6130 Industry Road,Mr. Manager 613,+86 13800000613,supplier613@yinglima.com,NEW,Grade C,NO,No,Verified supplier test record 613
test614,Manufacturer,Yinglima Supplier 5,Chemicals,Caustic Soda,Spare Parts 5,China,Zhejiang,Weifang,Industrial Zone 15,No. 6140 Industry Road,Mr. Manager 614,+86 13800000614,supplier614@yinglima.com,NEW,Grade B,NO,No,Verified supplier test record 614
test615,Trader,Yinglima Supplier 6,Tech/Feed Grade Ingredients,Spares for Band Sealer,Spare Parts 1,China,Zhejiang,Shanghai,Industrial Zone 16,No. 6150 Industry Road,Mr. Manager 615,+86 13800000615,supplier615@yinglima.com,NEW,Grade A,NO,No,Verified supplier test record 615
test616,Manufacturer,Yinglima Supplier 7,Filteration,Vacuum Packers,Spare Parts 2,China,Zhejiang,Guangzhou,Industrial Zone 17,No. 6160 Industry Road,Mr. Manager 616,+86 13800000616,supplier616@yinglima.com,NEW,Grade B,NO,Yes,Verified supplier test record 616
test617,Trader,Yinglima Supplier 8,Pumps,Solvents,Spare Parts 3,China,Zhejiang,Shenzhen,Industrial Zone 18,No. 6170 Industry Road,Mr. Manager 617,+86 13800000617,supplier617@yinglima.com,NEW,Grade C,NO,No,Verified supplier test record 617
test618,Manufacturer,Yinglima Supplier 9,Machines,Band Sealer,Spare Parts 4,China,Zhejiang,Jinan,Industrial Zone 19,No. 6180 Industry Road,Mr. Manager 618,+86 13800000618,supplier618@yinglima.com,NEW,Grade A,NO,No,Verified supplier test record 618
test619,Trader,Yinglima Supplier 10,Food Ingredients,Citric Acid,Spare Parts 5,China,Zhejiang,Yiwu,Industrial Zone 20,No. 6190 Industry Road,Mr. Manager 619,+86 13800000619,supplier619@yinglima.com,NEW,Grade C,NO,No,Verified supplier test record 619
test620,Manufacturer,Yinglima Supplier 1,Chemicals,Caustic Soda,Spare Parts 1,China,Zhejiang,Wenzhou,Industrial Zone 1,No. 6200 Industry Road,Mr. Manager 620,+86 13800000620,supplier620@yinglima.com,NEW,Grade B,NO,Yes,Verified supplier test record 620
test621,Trader,Yinglima Supplier 2,Tech/Feed Grade Ingredients,Spares for Band Sealer,Spare Parts 2,China,Zhejiang,Hangzhou,Industrial Zone 2,No. 6210 Industry Road,Mr. Manager 621,+86 13800000621,supplier621@yinglima.com,NEW,Grade A,NO,No,Verified supplier test record 621
test622,Manufacturer,Yinglima Supplier 3,Filteration,Vacuum Packers,Spare Parts 3,China,Zhejiang,Ningbo,Industrial Zone 3,No. 6220 Industry Road,Mr. Manager 622,+86 13800000622,supplier622@yinglima.com,NEW,Grade B,NO,No,Verified supplier test record 622
test623,Trader,Yinglima Supplier 4,Pumps,Solvents,Spare Parts 4,China,Zhejiang,Qingdao,Industrial Zone 4,No. 6230 Industry Road,Mr. Manager 623,+86 13800000623,supplier623@yinglima.com,NEW,Grade C,NO,No,Verified supplier test record 623
test624,Manufacturer,Yinglima Supplier 5,Machines,Band Sealer,Spare Parts 5,China,Zhejiang,Weifang,Industrial Zone 5,No. 6240 Industry Road,Mr. Manager 624,+86 13800000624,supplier624@yinglima.com,NEW,Grade A,NO,Yes,Verified supplier test record 624
test625,Trader,Yinglima Supplier 6,Food Ingredients,Citric Acid,Spare Parts 1,China,Zhejiang,Shanghai,Industrial Zone 6,No. 6250 Industry Road,Mr. Manager 625,+86 13800000625,supplier625@yinglima.com,NEW,Grade C,NO,No,Verified supplier test record 625
test626,Manufacturer,Yinglima Supplier 7,Chemicals,Caustic Soda,Spare Parts 2,China,Zhejiang,Guangzhou,Industrial Zone 7,No. 6260 Industry Road,Mr. Manager 626,+86 13800000626,supplier626@yinglima.com,NEW,Grade B,NO,No,Verified supplier test record 626
test627,Trader,Yinglima Supplier 8,Tech/Feed Grade Ingredients,Spares for Band Sealer,Spare Parts 3,China,Zhejiang,Shenzhen,Industrial Zone 8,No. 6270 Industry Road,Mr. Manager 627,+86 13800000627,supplier627@yinglima.com,NEW,Grade A,NO,No,Verified supplier test record 627
test628,Manufacturer,Yinglima Supplier 9,Filteration,Vacuum Packers,Spare Parts 4,China,Zhejiang,Jinan,Industrial Zone 9,No. 6280 Industry Road,Mr. Manager 628,+86 13800000628,supplier628@yinglima.com,NEW,Grade B,NO,Yes,Verified supplier test record 628
test629,Trader,Yinglima Supplier 10,Pumps,Solvents,Spare Parts 5,China,Zhejiang,Yiwu,Industrial Zone 10,No. 6290 Industry Road,Mr. Manager 629,+86 13800000629,supplier629@yinglima.com,NEW,Grade C,NO,No,Verified supplier test record 629
test630,Manufacturer,Yinglima Supplier 1,Machines,Band Sealer,Spare Parts 1,China,Zhejiang,Wenzhou,Industrial Zone 11,No. 6300 Industry Road,Mr. Manager 630,+86 13800000630,supplier630@yinglima.com,NEW,Grade A,NO,No,Verified supplier test record 630
test631,Trader,Yinglima Supplier 2,Food Ingredients,Citric Acid,Spare Parts 2,China,Zhejiang,Hangzhou,Industrial Zone 12,No. 6310 Industry Road,Mr. Manager 631,+86 13800000631,supplier631@yinglima.com,NEW,Grade C,NO,No,Verified supplier test record 631
test632,Manufacturer,Yinglima Supplier 3,Chemicals,Caustic Soda,Spare Parts 3,China,Zhejiang,Ningbo,Industrial Zone 13,No. 6320 Industry Road,Mr. Manager 632,+86 13800000632,supplier632@yinglima.com,NEW,Grade B,NO,Yes,Verified supplier test record 632
test633,Trader,Yinglima Supplier 4,Tech/Feed Grade Ingredients,Spares for Band Sealer,Spare Parts 4,China,Zhejiang,Qingdao,Industrial Zone 14,No. 6330 Industry Road,Mr. Manager 633,+86 13800000633,supplier633@yinglima.com,NEW,Grade A,NO,No,Verified supplier test record 633
test634,Manufacturer,Yinglima Supplier 5,Filteration,Vacuum Packers,Spare Parts 5,China,Zhejiang,Weifang,Industrial Zone 15,No. 6340 Industry Road,Mr. Manager 634,+86 13800000634,supplier634@yinglima.com,NEW,Grade B,NO,No,Verified supplier test record 634
test635,Trader,Yinglima Supplier 6,Pumps,Solvents,Spare Parts 1,China,Zhejiang,Shanghai,Industrial Zone 16,No. 6350 Industry Road,Mr. Manager 635,+86 13800000635,supplier635@yinglima.com,NEW,Grade C,NO,No,Verified supplier test record 635
test636,Manufacturer,Yinglima Supplier 7,Machines,Band Sealer,Spare Parts 2,China,Zhejiang,Guangzhou,Industrial Zone 17,No. 6360 Industry Road,Mr. Manager 636,+86 13800000636,supplier636@yinglima.com,NEW,Grade A,NO,Yes,Verified supplier test record 636
test637,Trader,Yinglima Supplier 8,Food Ingredients,Citric Acid,Spare Parts 3,China,Zhejiang,Shenzhen,Industrial Zone 18,No. 6370 Industry Road,Mr. Manager 637,+86 13800000637,supplier637@yinglima.com,NEW,Grade C,NO,No,Verified supplier test record 637
test638,Manufacturer,Yinglima Supplier 9,Chemicals,Caustic Soda,Spare Parts 4,China,Zhejiang,Jinan,Industrial Zone 19,No. 6380 Industry Road,Mr. Manager 638,+86 13800000638,supplier638@yinglima.com,NEW,Grade B,NO,No,Verified supplier test record 638
test639,Trader,Yinglima Supplier 10,Tech/Feed Grade Ingredients,Spares for Band Sealer,Spare Parts 5,China,Zhejiang,Yiwu,Industrial Zone 20,No. 6390 Industry Road,Mr. Manager 639,+86 13800000639,supplier639@yinglima.com,NEW,Grade A,NO,No,Verified supplier test record 639
test640,Manufacturer,Yinglima Supplier 1,Filteration,Vacuum Packers,Spare Parts 1,China,Zhejiang,Wenzhou,Industrial Zone 1,No. 6400 Industry Road,Mr. Manager 640,+86 13800000640,supplier640@yinglima.com,NEW,Grade B,NO,Yes,Verified supplier test record 640
test641,Trader,Yinglima Supplier 2,Pumps,Solvents,Spare Parts 2,China,Zhejiang,Hangzhou,Industrial Zone 2,No. 6410 Industry Road,Mr. Manager 641,+86 13800000641,supplier641@yinglima.com,NEW,Grade C,NO,No,Verified supplier test record 641
test642,Manufacturer,Yinglima Supplier 3,Machines,Band Sealer,Spare Parts 3,China,Zhejiang,Ningbo,Industrial Zone 3,No. 6420 Industry Road,Mr. Manager 642,+86 13800000642,supplier642@yinglima.com,NEW,Grade A,NO,No,Verified supplier test record 642
test643,Trader,Yinglima Supplier 4,Food Ingredients,Citric Acid,Spare Parts 4,China,Zhejiang,Qingdao,Industrial Zone 4,No. 6430 Industry Road,Mr. Manager 643,+86 13800000643,supplier643@yinglima.com,NEW,Grade C,NO,No,Verified supplier test record 643
test644,Manufacturer,Yinglima Supplier 5,Chemicals,Caustic Soda,Spare Parts 5,China,Zhejiang,Weifang,Industrial Zone 5,No. 6440 Industry Road,Mr. Manager 644,+86 13800000644,supplier644@yinglima.com,NEW,Grade B,NO,Yes,Verified supplier test record 644
test645,Trader,Yinglima Supplier 6,Tech/Feed Grade Ingredients,Spares for Band Sealer,Spare Parts 1,China,Zhejiang,Shanghai,Industrial Zone 6,No. 6450 Industry Road,Mr. Manager 645,+86 13800000645,supplier645@yinglima.com,NEW,Grade A,NO,No,Verified supplier test record 645
test646,Manufacturer,Yinglima Supplier 7,Filteration,Vacuum Packers,Spare Parts 2,China,Zhejiang,Guangzhou,Industrial Zone 7,No. 6460 Industry Road,Mr. Manager 646,+86 13800000646,supplier646@yinglima.com,NEW,Grade B,NO,No,Verified supplier test record 646
test647,Trader,Yinglima Supplier 8,Pumps,Solvents,Spare Parts 3,China,Zhejiang,Shenzhen,Industrial Zone 8,No. 6470 Industry Road,Mr. Manager 647,+86 13800000647,supplier647@yinglima.com,NEW,Grade C,NO,No,Verified supplier test record 647
test648,Manufacturer,Yinglima Supplier 9,Machines,Band Sealer,Spare Parts 4,China,Zhejiang,Jinan,Industrial Zone 9,No. 6480 Industry Road,Mr. Manager 648,+86 13800000648,supplier648@yinglima.com,NEW,Grade A,NO,Yes,Verified supplier test record 648
test649,Trader,Yinglima Supplier 10,Food Ingredients,Citric Acid,Spare Parts 5,China,Zhejiang,Yiwu,Industrial Zone 10,No. 6490 Industry Road,Mr. Manager 649,+86 13800000649,supplier649@yinglima.com,NEW,Grade C,NO,No,Verified supplier test record 649
test650,Manufacturer,Yinglima Supplier 1,Chemicals,Caustic Soda,Spare Parts 1,China,Zhejiang,Wenzhou,Industrial Zone 11,No. 6500 Industry Road,Mr. Manager 650,+86 13800000650,supplier650@yinglima.com,NEW,Grade B,NO,No,Verified supplier test record 650
test651,Trader,Yinglima Supplier 2,Tech/Feed Grade Ingredients,Spares for Band Sealer,Spare Parts 2,China,Zhejiang,Hangzhou,Industrial Zone 12,No. 6510 Industry Road,Mr. Manager 651,+86 13800000651,supplier651@yinglima.com,NEW,Grade A,NO,No,Verified supplier test record 651
test652,Manufacturer,Yinglima Supplier 3,Filteration,Vacuum Packers,Spare Parts 3,China,Zhejiang,Ningbo,Industrial Zone 13,No. 6520 Industry Road,Mr. Manager 652,+86 13800000652,supplier652@yinglima.com,NEW,Grade B,NO,Yes,Verified supplier test record 652
test653,Trader,Yinglima Supplier 4,Pumps,Solvents,Spare Parts 4,China,Zhejiang,Qingdao,Industrial Zone 14,No. 6530 Industry Road,Mr. Manager 653,+86 13800000653,supplier653@yinglima.com,NEW,Grade C,NO,No,Verified supplier test record 653
test654,Manufacturer,Yinglima Supplier 5,Machines,Band Sealer,Spare Parts 5,China,Zhejiang,Weifang,Industrial Zone 15,No. 6540 Industry Road,Mr. Manager 654,+86 13800000654,supplier654@yinglima.com,NEW,Grade A,NO,No,Verified supplier test record 654
test655,Trader,Yinglima Supplier 6,Food Ingredients,Citric Acid,Spare Parts 1,China,Zhejiang,Shanghai,Industrial Zone 16,No. 6550 Industry Road,Mr. Manager 655,+86 13800000655,supplier655@yinglima.com,NEW,Grade C,NO,No,Verified supplier test record 655
test656,Manufacturer,Yinglima Supplier 7,Chemicals,Caustic Soda,Spare Parts 2,China,Zhejiang,Guangzhou,Industrial Zone 17,No. 6560 Industry Road,Mr. Manager 656,+86 13800000656,supplier656@yinglima.com,NEW,Grade B,NO,Yes,Verified supplier test record 656
test657,Trader,Yinglima Supplier 8,Tech/Feed Grade Ingredients,Spares for Band Sealer,Spare Parts 3,China,Zhejiang,Shenzhen,Industrial Zone 18,No. 6570 Industry Road,Mr. Manager 657,+86 13800000657,supplier657@yinglima.com,NEW,Grade A,NO,No,Verified supplier test record 657
test658,Manufacturer,Yinglima Supplier 9,Filteration,Vacuum Packers,Spare Parts 4,China,Zhejiang,Jinan,Industrial Zone 19,No. 6580 Industry Road,Mr. Manager 658,+86 13800000658,supplier658@yinglima.com,NEW,Grade B,NO,No,Verified supplier test record 658
test659,Trader,Yinglima Supplier 10,Pumps,Solvents,Spare Parts 5,China,Zhejiang,Yiwu,Industrial Zone 20,No. 6590 Industry Road,Mr. Manager 659,+86 13800000659,supplier659@yinglima.com,NEW,Grade C,NO,No,Verified supplier test record 659
test660,Manufacturer,Yinglima Supplier 1,Machines,Band Sealer,Spare Parts 1,China,Zhejiang,Wenzhou,Industrial Zone 1,No. 6600 Industry Road,Mr. Manager 660,+86 13800000660,supplier660@yinglima.com,NEW,Grade A,NO,Yes,Verified supplier test record 660
test661,Trader,Yinglima Supplier 2,Food Ingredients,Citric Acid,Spare Parts 2,China,Zhejiang,Hangzhou,Industrial Zone 2,No. 6610 Industry Road,Mr. Manager 661,+86 13800000661,supplier661@yinglima.com,NEW,Grade C,NO,No,Verified supplier test record 661
test662,Manufacturer,Yinglima Supplier 3,Chemicals,Caustic Soda,Spare Parts 3,China,Zhejiang,Ningbo,Industrial Zone 3,No. 6620 Industry Road,Mr. Manager 662,+86 13800000662,supplier662@yinglima.com,NEW,Grade B,NO,No,Verified supplier test record 662
test663,Trader,Yinglima Supplier 4,Tech/Feed Grade Ingredients,Spares for Band Sealer,Spare Parts 4,China,Zhejiang,Qingdao,Industrial Zone 4,No. 6630 Industry Road,Mr. Manager 663,+86 13800000663,supplier663@yinglima.com,NEW,Grade A,NO,No,Verified supplier test record 663
test664,Manufacturer,Yinglima Supplier 5,Filteration,Vacuum Packers,Spare Parts 5,China,Zhejiang,Weifang,Industrial Zone 5,No. 6640 Industry Road,Mr. Manager 664,+86 13800000664,supplier664@yinglima.com,NEW,Grade B,NO,Yes,Verified supplier test record 664
test665,Trader,Yinglima Supplier 6,Pumps,Solvents,Spare Parts 1,China,Zhejiang,Shanghai,Industrial Zone 6,No. 6650 Industry Road,Mr. Manager 665,+86 13800000665,supplier665@yinglima.com,NEW,Grade C,NO,No,Verified supplier test record 665
test666,Manufacturer,Yinglima Supplier 7,Machines,Band Sealer,Spare Parts 2,China,Zhejiang,Guangzhou,Industrial Zone 7,No. 6660 Industry Road,Mr. Manager 666,+86 13800000666,supplier666@yinglima.com,NEW,Grade A,NO,No,Verified supplier test record 666
test667,Trader,Yinglima Supplier 8,Food Ingredients,Citric Acid,Spare Parts 3,China,Zhejiang,Shenzhen,Industrial Zone 8,No. 6670 Industry Road,Mr. Manager 667,+86 13800000667,supplier667@yinglima.com,NEW,Grade C,NO,No,Verified supplier test record 667
test668,Manufacturer,Yinglima Supplier 9,Chemicals,Caustic Soda,Spare Parts 4,China,Zhejiang,Jinan,Industrial Zone 9,No. 6680 Industry Road,Mr. Manager 668,+86 13800000668,supplier668@yinglima.com,NEW,Grade B,NO,Yes,Verified supplier test record 668
test669,Trader,Yinglima Supplier 10,Tech/Feed Grade Ingredients,Spares for Band Sealer,Spare Parts 5,China,Zhejiang,Yiwu,Industrial Zone 10,No. 6690 Industry Road,Mr. Manager 669,+86 13800000669,supplier669@yinglima.com,NEW,Grade A,NO,No,Verified supplier test record 669
test670,Manufacturer,Yinglima Supplier 1,Filteration,Vacuum Packers,Spare Parts 1,China,Zhejiang,Wenzhou,Industrial Zone 11,No. 6700 Industry Road,Mr. Manager 670,+86 13800000670,supplier670@yinglima.com,NEW,Grade B,NO,No,Verified supplier test record 670
test671,Trader,Yinglima Supplier 2,Pumps,Solvents,Spare Parts 2,China,Zhejiang,Hangzhou,Industrial Zone 12,No. 6710 Industry Road,Mr. Manager 671,+86 13800000671,supplier671@yinglima.com,NEW,Grade C,NO,No,Verified supplier test record 671
test672,Manufacturer,Yinglima Supplier 3,Machines,Band Sealer,Spare Parts 3,China,Zhejiang,Ningbo,Industrial Zone 13,No. 6720 Industry Road,Mr. Manager 672,+86 13800000672,supplier672@yinglima.com,NEW,Grade A,NO,Yes,Verified supplier test record 672
test673,Trader,Yinglima Supplier 4,Food Ingredients,Citric Acid,Spare Parts 4,China,Zhejiang,Qingdao,Industrial Zone 14,No. 6730 Industry Road,Mr. Manager 673,+86 13800000673,supplier673@yinglima.com,NEW,Grade C,NO,No,Verified supplier test record 673
test674,Manufacturer,Yinglima Supplier 5,Chemicals,Caustic Soda,Spare Parts 5,China,Zhejiang,Weifang,Industrial Zone 15,No. 6740 Industry Road,Mr. Manager 674,+86 13800000674,supplier674@yinglima.com,NEW,Grade B,NO,No,Verified supplier test record 674
test675,Trader,Yinglima Supplier 6,Tech/Feed Grade Ingredients,Spares for Band Sealer,Spare Parts 1,China,Zhejiang,Shanghai,Industrial Zone 16,No. 6750 Industry Road,Mr. Manager 675,+86 13800000675,supplier675@yinglima.com,NEW,Grade A,NO,No,Verified supplier test record 675
test676,Manufacturer,Yinglima Supplier 7,Filteration,Vacuum Packers,Spare Parts 2,China,Zhejiang,Guangzhou,Industrial Zone 17,No. 6760 Industry Road,Mr. Manager 676,+86 13800000676,supplier676@yinglima.com,NEW,Grade B,NO,Yes,Verified supplier test record 676
test677,Trader,Yinglima Supplier 8,Pumps,Solvents,Spare Parts 3,China,Zhejiang,Shenzhen,Industrial Zone 18,No. 6770 Industry Road,Mr. Manager 677,+86 13800000677,supplier677@yinglima.com,NEW,Grade C,NO,No,Verified supplier test record 677
test678,Manufacturer,Yinglima Supplier 9,Machines,Band Sealer,Spare Parts 4,China,Zhejiang,Jinan,Industrial Zone 19,No. 6780 Industry Road,Mr. Manager 678,+86 13800000678,supplier678@yinglima.com,NEW,Grade A,NO,No,Verified supplier test record 678
test679,Trader,Yinglima Supplier 10,Food Ingredients,Citric Acid,Spare Parts 5,China,Zhejiang,Yiwu,Industrial Zone 20,No. 6790 Industry Road,Mr. Manager 679,+86 13800000679,supplier679@yinglima.com,NEW,Grade C,NO,No,Verified supplier test record 679
test680,Manufacturer,Yinglima Supplier 1,Chemicals,Caustic Soda,Spare Parts 1,China,Zhejiang,Wenzhou,Industrial Zone 1,No. 6800 Industry Road,Mr. Manager 680,+86 13800000680,supplier680@yinglima.com,NEW,Grade B,NO,Yes,Verified supplier test record 680
test681,Trader,Yinglima Supplier 2,Tech/Feed Grade Ingredients,Spares for Band Sealer,Spare Parts 2,China,Zhejiang,Hangzhou,Industrial Zone 2,No. 6810 Industry Road,Mr. Manager 681,+86 13800000681,supplier681@yinglima.com,NEW,Grade A,NO,No,Verified supplier test record 681
test682,Manufacturer,Yinglima Supplier 3,Filteration,Vacuum Packers,Spare Parts 3,China,Zhejiang,Ningbo,Industrial Zone 3,No. 6820 Industry Road,Mr. Manager 682,+86 13800000682,supplier682@yinglima.com,NEW,Grade B,NO,No,Verified supplier test record 682
test683,Trader,Yinglima Supplier 4,Pumps,Solvents,Spare Parts 4,China,Zhejiang,Qingdao,Industrial Zone 4,No. 6830 Industry Road,Mr. Manager 683,+86 13800000683,supplier683@yinglima.com,NEW,Grade C,NO,No,Verified supplier test record 683
test684,Manufacturer,Yinglima Supplier 5,Machines,Band Sealer,Spare Parts 5,China,Zhejiang,Weifang,Industrial Zone 5,No. 6840 Industry Road,Mr. Manager 684,+86 13800000684,supplier684@yinglima.com,NEW,Grade A,NO,Yes,Verified supplier test record 684
test685,Trader,Yinglima Supplier 6,Food Ingredients,Citric Acid,Spare Parts 1,China,Zhejiang,Shanghai,Industrial Zone 6,No. 6850 Industry Road,Mr. Manager 685,+86 13800000685,supplier685@yinglima.com,NEW,Grade C,NO,No,Verified supplier test record 685
test686,Manufacturer,Yinglima Supplier 7,Chemicals,Caustic Soda,Spare Parts 2,China,Zhejiang,Guangzhou,Industrial Zone 7,No. 6860 Industry Road,Mr. Manager 686,+86 13800000686,supplier686@yinglima.com,NEW,Grade B,NO,No,Verified supplier test record 686
test687,Trader,Yinglima Supplier 8,Tech/Feed Grade Ingredients,Spares for Band Sealer,Spare Parts 3,China,Zhejiang,Shenzhen,Industrial Zone 8,No. 6870 Industry Road,Mr. Manager 687,+86 13800000687,supplier687@yinglima.com,NEW,Grade A,NO,No,Verified supplier test record 687
test688,Manufacturer,Yinglima Supplier 9,Filteration,Vacuum Packers,Spare Parts 4,China,Zhejiang,Jinan,Industrial Zone 9,No. 6880 Industry Road,Mr. Manager 688,+86 13800000688,supplier688@yinglima.com,NEW,Grade B,NO,Yes,Verified supplier test record 688
test689,Trader,Yinglima Supplier 10,Pumps,Solvents,Spare Parts 5,China,Zhejiang,Yiwu,Industrial Zone 10,No. 6890 Industry Road,Mr. Manager 689,+86 13800000689,supplier689@yinglima.com,NEW,Grade C,NO,No,Verified supplier test record 689
test690,Manufacturer,Yinglima Supplier 1,Machines,Band Sealer,Spare Parts 1,China,Zhejiang,Wenzhou,Industrial Zone 11,No. 6900 Industry Road,Mr. Manager 690,+86 13800000690,supplier690@yinglima.com,NEW,Grade A,NO,No,Verified supplier test record 690
test691,Trader,Yinglima Supplier 2,Food Ingredients,Citric Acid,Spare Parts 2,China,Zhejiang,Hangzhou,Industrial Zone 12,No. 6910 Industry Road,Mr. Manager 691,+86 13800000691,supplier691@yinglima.com,NEW,Grade C,NO,No,Verified supplier test record 691
test692,Manufacturer,Yinglima Supplier 3,Chemicals,Caustic Soda,Spare Parts 3,China,Zhejiang,Ningbo,Industrial Zone 13,No. 6920 Industry Road,Mr. Manager 692,+86 13800000692,supplier692@yinglima.com,NEW,Grade B,NO,Yes,Verified supplier test record 692
test693,Trader,Yinglima Supplier 4,Tech/Feed Grade Ingredients,Spares for Band Sealer,Spare Parts 4,China,Zhejiang,Qingdao,Industrial Zone 14,No. 6930 Industry Road,Mr. Manager 693,+86 13800000693,supplier693@yinglima.com,NEW,Grade A,NO,No,Verified supplier test record 693
test694,Manufacturer,Yinglima Supplier 5,Filteration,Vacuum Packers,Spare Parts 5,China,Zhejiang,Weifang,Industrial Zone 15,No. 6940 Industry Road,Mr. Manager 694,+86 13800000694,supplier694@yinglima.com,NEW,Grade B,NO,No,Verified supplier test record 694
test695,Trader,Yinglima Supplier 6,Pumps,Solvents,Spare Parts 1,China,Zhejiang,Shanghai,Industrial Zone 16,No. 6950 Industry Road,Mr. Manager 695,+86 13800000695,supplier695@yinglima.com,NEW,Grade C,NO,No,Verified supplier test record 695
test696,Manufacturer,Yinglima Supplier 7,Machines,Band Sealer,Spare Parts 2,China,Zhejiang,Guangzhou,Industrial Zone 17,No. 6960 Industry Road,Mr. Manager 696,+86 13800000696,supplier696@yinglima.com,NEW,Grade A,NO,Yes,Verified supplier test record 696
test697,Trader,Yinglima Supplier 8,Food Ingredients,Citric Acid,Spare Parts 3,China,Zhejiang,Shenzhen,Industrial Zone 18,No. 6970 Industry Road,Mr. Manager 697,+86 13800000697,supplier697@yinglima.com,NEW,Grade C,NO,No,Verified supplier test record 697
test698,Manufacturer,Yinglima Supplier 9,Chemicals,Caustic Soda,Spare Parts 4,China,Zhejiang,Jinan,Industrial Zone 19,No. 6980 Industry Road,Mr. Manager 698,+86 13800000698,supplier698@yinglima.com,NEW,Grade B,NO,No,Verified supplier test record 698
test699,Trader,Yinglima Supplier 10,Tech/Feed Grade Ingredients,Spares for Band Sealer,Spare Parts 5,China,Zhejiang,Yiwu,Industrial Zone 20,No. 6990 Industry Road,Mr. Manager 699,+86 13800000699,supplier699@yinglima.com,NEW,Grade A,NO,No,Verified supplier test record 699
test700,Manufacturer,Yinglima Supplier 1,Filteration,Vacuum Packers,Spare Parts 1,China,Zhejiang,Wenzhou,Industrial Zone 1,No. 7000 Industry Road,Mr. Manager 700,+86 13800000700,supplier700@yinglima.com,NEW,Grade B,NO,Yes,Verified supplier test record 700
test701,Trader,Yinglima Supplier 2,Pumps,Solvents,Spare Parts 2,China,Zhejiang,Hangzhou,Industrial Zone 2,No. 7010 Industry Road,Mr. Manager 701,+86 13800000701,supplier701@yinglima.com,NEW,Grade C,NO,No,Verified supplier test record 701
test702,Manufacturer,Yinglima Supplier 3,Machines,Band Sealer,Spare Parts 3,China,Zhejiang,Ningbo,Industrial Zone 3,No. 7020 Industry Road,Mr. Manager 702,+86 13800000702,supplier702@yinglima.com,NEW,Grade A,NO,No,Verified supplier test record 702
test703,Trader,Yinglima Supplier 4,Food Ingredients,Citric Acid,Spare Parts 4,China,Zhejiang,Qingdao,Industrial Zone 4,No. 7030 Industry Road,Mr. Manager 703,+86 13800000703,supplier703@yinglima.com,NEW,Grade C,NO,No,Verified supplier test record 703
test704,Manufacturer,Yinglima Supplier 5,Chemicals,Caustic Soda,Spare Parts 5,China,Zhejiang,Weifang,Industrial Zone 5,No. 7040 Industry Road,Mr. Manager 704,+86 13800000704,supplier704@yinglima.com,NEW,Grade B,NO,Yes,Verified supplier test record 704
test705,Trader,Yinglima Supplier 6,Tech/Feed Grade Ingredients,Spares for Band Sealer,Spare Parts 1,China,Zhejiang,Shanghai,Industrial Zone 6,No. 7050 Industry Road,Mr. Manager 705,+86 13800000705,supplier705@yinglima.com,NEW,Grade A,NO,No,Verified supplier test record 705
test706,Manufacturer,Yinglima Supplier 7,Filteration,Vacuum Packers,Spare Parts 2,China,Zhejiang,Guangzhou,Industrial Zone 7,No. 7060 Industry Road,Mr. Manager 706,+86 13800000706,supplier706@yinglima.com,NEW,Grade B,NO,No,Verified supplier test record 706
test707,Trader,Yinglima Supplier 8,Pumps,Solvents,Spare Parts 3,China,Zhejiang,Shenzhen,Industrial Zone 8,No. 7070 Industry Road,Mr. Manager 707,+86 13800000707,supplier707@yinglima.com,NEW,Grade C,NO,No,Verified supplier test record 707
test708,Manufacturer,Yinglima Supplier 9,Machines,Band Sealer,Spare Parts 4,China,Zhejiang,Jinan,Industrial Zone 9,No. 7080 Industry Road,Mr. Manager 708,+86 13800000708,supplier708@yinglima.com,NEW,Grade A,NO,Yes,Verified supplier test record 708
test709,Trader,Yinglima Supplier 10,Food Ingredients,Citric Acid,Spare Parts 5,China,Zhejiang,Yiwu,Industrial Zone 10,No. 7090 Industry Road,Mr. Manager 709,+86 13800000709,supplier709@yinglima.com,NEW,Grade C,NO,No,Verified supplier test record 709
test710,Manufacturer,Yinglima Supplier 1,Chemicals,Caustic Soda,Spare Parts 1,China,Zhejiang,Wenzhou,Industrial Zone 11,No. 7100 Industry Road,Mr. Manager 710,+86 13800000710,supplier710@yinglima.com,NEW,Grade B,NO,No,Verified supplier test record 710
test711,Trader,Yinglima Supplier 2,Tech/Feed Grade Ingredients,Spares for Band Sealer,Spare Parts 2,China,Zhejiang,Hangzhou,Industrial Zone 12,No. 7110 Industry Road,Mr. Manager 711,+86 13800000711,supplier711@yinglima.com,NEW,Grade A,NO,No,Verified supplier test record 711
test712,Manufacturer,Yinglima Supplier 3,Filteration,Vacuum Packers,Spare Parts 3,China,Zhejiang,Ningbo,Industrial Zone 13,No. 7120 Industry Road,Mr. Manager 712,+86 13800000712,supplier712@yinglima.com,NEW,Grade B,NO,Yes,Verified supplier test record 712
test713,Trader,Yinglima Supplier 4,Pumps,Solvents,Spare Parts 4,China,Zhejiang,Qingdao,Industrial Zone 14,No. 7130 Industry Road,Mr. Manager 713,+86 13800000713,supplier713@yinglima.com,NEW,Grade C,NO,No,Verified supplier test record 713
test714,Manufacturer,Yinglima Supplier 5,Machines,Band Sealer,Spare Parts 5,China,Zhejiang,Weifang,Industrial Zone 15,No. 7140 Industry Road,Mr. Manager 714,+86 13800000714,supplier714@yinglima.com,NEW,Grade A,NO,No,Verified supplier test record 714
test715,Trader,Yinglima Supplier 6,Food Ingredients,Citric Acid,Spare Parts 1,China,Zhejiang,Shanghai,Industrial Zone 16,No. 7150 Industry Road,Mr. Manager 715,+86 13800000715,supplier715@yinglima.com,NEW,Grade C,NO,No,Verified supplier test record 715
test716,Manufacturer,Yinglima Supplier 7,Chemicals,Caustic Soda,Spare Parts 2,China,Zhejiang,Guangzhou,Industrial Zone 17,No. 7160 Industry Road,Mr. Manager 716,+86 13800000716,supplier716@yinglima.com,NEW,Grade B,NO,Yes,Verified supplier test record 716
test717,Trader,Yinglima Supplier 8,Tech/Feed Grade Ingredients,Spares for Band Sealer,Spare Parts 3,China,Zhejiang,Shenzhen,Industrial Zone 18,No. 7170 Industry Road,Mr. Manager 717,+86 13800000717,supplier717@yinglima.com,NEW,Grade A,NO,No,Verified supplier test record 717
test718,Manufacturer,Yinglima Supplier 9,Filteration,Vacuum Packers,Spare Parts 4,China,Zhejiang,Jinan,Industrial Zone 19,No. 7180 Industry Road,Mr. Manager 718,+86 13800000718,supplier718@yinglima.com,NEW,Grade B,NO,No,Verified supplier test record 718
test719,Trader,Yinglima Supplier 10,Pumps,Solvents,Spare Parts 5,China,Zhejiang,Yiwu,Industrial Zone 20,No. 7190 Industry Road,Mr. Manager 719,+86 13800000719,supplier719@yinglima.com,NEW,Grade C,NO,No,Verified supplier test record 719
test720,Manufacturer,Yinglima Supplier 1,Machines,Band Sealer,Spare Parts 1,China,Zhejiang,Wenzhou,Industrial Zone 1,No. 7200 Industry Road,Mr. Manager 720,+86 13800000720,supplier720@yinglima.com,NEW,Grade A,NO,Yes,Verified supplier test record 720
test721,Trader,Yinglima Supplier 2,Food Ingredients,Citric Acid,Spare Parts 2,China,Zhejiang,Hangzhou,Industrial Zone 2,No. 7210 Industry Road,Mr. Manager 721,+86 13800000721,supplier721@yinglima.com,NEW,Grade C,NO,No,Verified supplier test record 721
test722,Manufacturer,Yinglima Supplier 3,Chemicals,Caustic Soda,Spare Parts 3,China,Zhejiang,Ningbo,Industrial Zone 3,No. 7220 Industry Road,Mr. Manager 722,+86 13800000722,supplier722@yinglima.com,NEW,Grade B,NO,No,Verified supplier test record 722
test723,Trader,Yinglima Supplier 4,Tech/Feed Grade Ingredients,Spares for Band Sealer,Spare Parts 4,China,Zhejiang,Qingdao,Industrial Zone 4,No. 7230 Industry Road,Mr. Manager 723,+86 13800000723,supplier723@yinglima.com,NEW,Grade A,NO,No,Verified supplier test record 723
test724,Manufacturer,Yinglima Supplier 5,Filteration,Vacuum Packers,Spare Parts 5,China,Zhejiang,Weifang,Industrial Zone 5,No. 7240 Industry Road,Mr. Manager 724,+86 13800000724,supplier724@yinglima.com,NEW,Grade B,NO,Yes,Verified supplier test record 724
test725,Trader,Yinglima Supplier 6,Pumps,Solvents,Spare Parts 1,China,Zhejiang,Shanghai,Industrial Zone 6,No. 7250 Industry Road,Mr. Manager 725,+86 13800000725,supplier725@yinglima.com,NEW,Grade C,NO,No,Verified supplier test record 725
test726,Manufacturer,Yinglima Supplier 7,Machines,Band Sealer,Spare Parts 2,China,Zhejiang,Guangzhou,Industrial Zone 7,No. 7260 Industry Road,Mr. Manager 726,+86 13800000726,supplier726@yinglima.com,NEW,Grade A,NO,No,Verified supplier test record 726
test727,Trader,Yinglima Supplier 8,Food Ingredients,Citric Acid,Spare Parts 3,China,Zhejiang,Shenzhen,Industrial Zone 8,No. 7270 Industry Road,Mr. Manager 727,+86 13800000727,supplier727@yinglima.com,NEW,Grade C,NO,No,Verified supplier test record 727
test728,Manufacturer,Yinglima Supplier 9,Chemicals,Caustic Soda,Spare Parts 4,China,Zhejiang,Jinan,Industrial Zone 9,No. 7280 Industry Road,Mr. Manager 728,+86 13800000728,supplier728@yinglima.com,NEW,Grade B,NO,Yes,Verified supplier test record 728
test729,Trader,Yinglima Supplier 10,Tech/Feed Grade Ingredients,Spares for Band Sealer,Spare Parts 5,China,Zhejiang,Yiwu,Industrial Zone 10,No. 7290 Industry Road,Mr. Manager 729,+86 13800000729,supplier729@yinglima.com,NEW,Grade A,NO,No,Verified supplier test record 729
test730,Manufacturer,Yinglima Supplier 1,Filteration,Vacuum Packers,Spare Parts 1,China,Zhejiang,Wenzhou,Industrial Zone 11,No. 7300 Industry Road,Mr. Manager 730,+86 13800000730,supplier730@yinglima.com,NEW,Grade B,NO,No,Verified supplier test record 730
test731,Trader,Yinglima Supplier 2,Pumps,Solvents,Spare Parts 2,China,Zhejiang,Hangzhou,Industrial Zone 12,No. 7310 Industry Road,Mr. Manager 731,+86 13800000731,supplier731@yinglima.com,NEW,Grade C,NO,No,Verified supplier test record 731
test732,Manufacturer,Yinglima Supplier 3,Machines,Band Sealer,Spare Parts 3,China,Zhejiang,Ningbo,Industrial Zone 13,No. 7320 Industry Road,Mr. Manager 732,+86 13800000732,supplier732@yinglima.com,NEW,Grade A,NO,Yes,Verified supplier test record 732
test733,Trader,Yinglima Supplier 4,Food Ingredients,Citric Acid,Spare Parts 4,China,Zhejiang,Qingdao,Industrial Zone 14,No. 7330 Industry Road,Mr. Manager 733,+86 13800000733,supplier733@yinglima.com,NEW,Grade C,NO,No,Verified supplier test record 733
test734,Manufacturer,Yinglima Supplier 5,Chemicals,Caustic Soda,Spare Parts 5,China,Zhejiang,Weifang,Industrial Zone 15,No. 7340 Industry Road,Mr. Manager 734,+86 13800000734,supplier734@yinglima.com,NEW,Grade B,NO,No,Verified supplier test record 734
test735,Trader,Yinglima Supplier 6,Tech/Feed Grade Ingredients,Spares for Band Sealer,Spare Parts 1,China,Zhejiang,Shanghai,Industrial Zone 16,No. 7350 Industry Road,Mr. Manager 735,+86 13800000735,supplier735@yinglima.com,NEW,Grade A,NO,No,Verified supplier test record 735
test736,Manufacturer,Yinglima Supplier 7,Filteration,Vacuum Packers,Spare Parts 2,China,Zhejiang,Guangzhou,Industrial Zone 17,No. 7360 Industry Road,Mr. Manager 736,+86 13800000736,supplier736@yinglima.com,NEW,Grade B,NO,Yes,Verified supplier test record 736
test737,Trader,Yinglima Supplier 8,Pumps,Solvents,Spare Parts 3,China,Zhejiang,Shenzhen,Industrial Zone 18,No. 7370 Industry Road,Mr. Manager 737,+86 13800000737,supplier737@yinglima.com,NEW,Grade C,NO,No,Verified supplier test record 737
test738,Manufacturer,Yinglima Supplier 9,Machines,Band Sealer,Spare Parts 4,China,Zhejiang,Jinan,Industrial Zone 19,No. 7380 Industry Road,Mr. Manager 738,+86 13800000738,supplier738@yinglima.com,NEW,Grade A,NO,No,Verified supplier test record 738
test739,Trader,Yinglima Supplier 10,Food Ingredients,Citric Acid,Spare Parts 5,China,Zhejiang,Yiwu,Industrial Zone 20,No. 7390 Industry Road,Mr. Manager 739,+86 13800000739,supplier739@yinglima.com,NEW,Grade C,NO,No,Verified supplier test record 739
test740,Manufacturer,Yinglima Supplier 1,Chemicals,Caustic Soda,Spare Parts 1,China,Zhejiang,Wenzhou,Industrial Zone 1,No. 7400 Industry Road,Mr. Manager 740,+86 13800000740,supplier740@yinglima.com,NEW,Grade B,NO,Yes,Verified supplier test record 740
test741,Trader,Yinglima Supplier 2,Tech/Feed Grade Ingredients,Spares for Band Sealer,Spare Parts 2,China,Zhejiang,Hangzhou,Industrial Zone 2,No. 7410 Industry Road,Mr. Manager 741,+86 13800000741,supplier741@yinglima.com,NEW,Grade A,NO,No,Verified supplier test record 741
test742,Manufacturer,Yinglima Supplier 3,Filteration,Vacuum Packers,Spare Parts 3,China,Zhejiang,Ningbo,Industrial Zone 3,No. 7420 Industry Road,Mr. Manager 742,+86 13800000742,supplier742@yinglima.com,NEW,Grade B,NO,No,Verified supplier test record 742
test743,Trader,Yinglima Supplier 4,Pumps,Solvents,Spare Parts 4,China,Zhejiang,Qingdao,Industrial Zone 4,No. 7430 Industry Road,Mr. Manager 743,+86 13800000743,supplier743@yinglima.com,NEW,Grade C,NO,No,Verified supplier test record 743
test744,Manufacturer,Yinglima Supplier 5,Machines,Band Sealer,Spare Parts 5,China,Zhejiang,Weifang,Industrial Zone 5,No. 7440 Industry Road,Mr. Manager 744,+86 13800000744,supplier744@yinglima.com,NEW,Grade A,NO,Yes,Verified supplier test record 744
test745,Trader,Yinglima Supplier 6,Food Ingredients,Citric Acid,Spare Parts 1,China,Zhejiang,Shanghai,Industrial Zone 6,No. 7450 Industry Road,Mr. Manager 745,+86 13800000745,supplier745@yinglima.com,NEW,Grade C,NO,No,Verified supplier test record 745
test746,Manufacturer,Yinglima Supplier 7,Chemicals,Caustic Soda,Spare Parts 2,China,Zhejiang,Guangzhou,Industrial Zone 7,No. 7460 Industry Road,Mr. Manager 746,+86 13800000746,supplier746@yinglima.com,NEW,Grade B,NO,No,Verified supplier test record 746
test747,Trader,Yinglima Supplier 8,Tech/Feed Grade Ingredients,Spares for Band Sealer,Spare Parts 3,China,Zhejiang,Shenzhen,Industrial Zone 8,No. 7470 Industry Road,Mr. Manager 747,+86 13800000747,supplier747@yinglima.com,NEW,Grade A,NO,No,Verified supplier test record 747
test748,Manufacturer,Yinglima Supplier 9,Filteration,Vacuum Packers,Spare Parts 4,China,Zhejiang,Jinan,Industrial Zone 9,No. 7480 Industry Road,Mr. Manager 748,+86 13800000748,supplier748@yinglima.com,NEW,Grade B,NO,Yes,Verified supplier test record 748
test749,Trader,Yinglima Supplier 10,Pumps,Solvents,Spare Parts 5,China,Zhejiang,Yiwu,Industrial Zone 10,No. 7490 Industry Road,Mr. Manager 749,+86 13800000749,supplier749@yinglima.com,NEW,Grade C,NO,No,Verified supplier test record 749
test750,Manufacturer,Yinglima Supplier 1,Machines,Band Sealer,Spare Parts 1,China,Zhejiang,Wenzhou,Industrial Zone 11,No. 7500 Industry Road,Mr. Manager 750,+86 13800000750,supplier750@yinglima.com,NEW,Grade A,NO,No,Verified supplier test record 750
test751,Trader,Yinglima Supplier 2,Food Ingredients,Citric Acid,Spare Parts 2,China,Zhejiang,Hangzhou,Industrial Zone 12,No. 7510 Industry Road,Mr. Manager 751,+86 13800000751,supplier751@yinglima.com,NEW,Grade C,NO,No,Verified supplier test record 751
test752,Manufacturer,Yinglima Supplier 3,Chemicals,Caustic Soda,Spare Parts 3,China,Zhejiang,Ningbo,Industrial Zone 13,No. 7520 Industry Road,Mr. Manager 752,+86 13800000752,supplier752@yinglima.com,NEW,Grade B,NO,Yes,Verified supplier test record 752
test753,Trader,Yinglima Supplier 4,Tech/Feed Grade Ingredients,Spares for Band Sealer,Spare Parts 4,China,Zhejiang,Qingdao,Industrial Zone 14,No. 7530 Industry Road,Mr. Manager 753,+86 13800000753,supplier753@yinglima.com,NEW,Grade A,NO,No,Verified supplier test record 753
test754,Manufacturer,Yinglima Supplier 5,Filteration,Vacuum Packers,Spare Parts 5,China,Zhejiang,Weifang,Industrial Zone 15,No. 7540 Industry Road,Mr. Manager 754,+86 13800000754,supplier754@yinglima.com,NEW,Grade B,NO,No,Verified supplier test record 754
test755,Trader,Yinglima Supplier 6,Pumps,Solvents,Spare Parts 1,China,Zhejiang,Shanghai,Industrial Zone 16,No. 7550 Industry Road,Mr. Manager 755,+86 13800000755,supplier755@yinglima.com,NEW,Grade C,NO,No,Verified supplier test record 755
test756,Manufacturer,Yinglima Supplier 7,Machines,Band Sealer,Spare Parts 2,China,Zhejiang,Guangzhou,Industrial Zone 17,No. 7560 Industry Road,Mr. Manager 756,+86 13800000756,supplier756@yinglima.com,NEW,Grade A,NO,Yes,Verified supplier test record 756
test757,Trader,Yinglima Supplier 8,Food Ingredients,Citric Acid,Spare Parts 3,China,Zhejiang,Shenzhen,Industrial Zone 18,No. 7570 Industry Road,Mr. Manager 757,+86 13800000757,supplier757@yinglima.com,NEW,Grade C,NO,No,Verified supplier test record 757
test758,Manufacturer,Yinglima Supplier 9,Chemicals,Caustic Soda,Spare Parts 4,China,Zhejiang,Jinan,Industrial Zone 19,No. 7580 Industry Road,Mr. Manager 758,+86 13800000758,supplier758@yinglima.com,NEW,Grade B,NO,No,Verified supplier test record 758
test759,Trader,Yinglima Supplier 10,Tech/Feed Grade Ingredients,Spares for Band Sealer,Spare Parts 5,China,Zhejiang,Yiwu,Industrial Zone 20,No. 7590 Industry Road,Mr. Manager 759,+86 13800000759,supplier759@yinglima.com,NEW,Grade A,NO,No,Verified supplier test record 759
test760,Manufacturer,Yinglima Supplier 1,Filteration,Vacuum Packers,Spare Parts 1,China,Zhejiang,Wenzhou,Industrial Zone 1,No. 7600 Industry Road,Mr. Manager 760,+86 13800000760,supplier760@yinglima.com,NEW,Grade B,NO,Yes,Verified supplier test record 760
test761,Trader,Yinglima Supplier 2,Pumps,Solvents,Spare Parts 2,China,Zhejiang,Hangzhou,Industrial Zone 2,No. 7610 Industry Road,Mr. Manager 761,+86 13800000761,supplier761@yinglima.com,NEW,Grade C,NO,No,Verified supplier test record 761
test762,Manufacturer,Yinglima Supplier 3,Machines,Band Sealer,Spare Parts 3,China,Zhejiang,Ningbo,Industrial Zone 3,No. 7620 Industry Road,Mr. Manager 762,+86 13800000762,supplier762@yinglima.com,NEW,Grade A,NO,No,Verified supplier test record 762
test763,Trader,Yinglima Supplier 4,Food Ingredients,Citric Acid,Spare Parts 4,China,Zhejiang,Qingdao,Industrial Zone 4,No. 7630 Industry Road,Mr. Manager 763,+86 13800000763,supplier763@yinglima.com,NEW,Grade C,NO,No,Verified supplier test record 763
test764,Manufacturer,Yinglima Supplier 5,Chemicals,Caustic Soda,Spare Parts 5,China,Zhejiang,Weifang,Industrial Zone 5,No. 7640 Industry Road,Mr. Manager 764,+86 13800000764,supplier764@yinglima.com,NEW,Grade B,NO,Yes,Verified supplier test record 764
test765,Trader,Yinglima Supplier 6,Tech/Feed Grade Ingredients,Spares for Band Sealer,Spare Parts 1,China,Zhejiang,Shanghai,Industrial Zone 6,No. 7650 Industry Road,Mr. Manager 765,+86 13800000765,supplier765@yinglima.com,NEW,Grade A,NO,No,Verified supplier test record 765
test766,Manufacturer,Yinglima Supplier 7,Filteration,Vacuum Packers,Spare Parts 2,China,Zhejiang,Guangzhou,Industrial Zone 7,No. 7660 Industry Road,Mr. Manager 766,+86 13800000766,supplier766@yinglima.com,NEW,Grade B,NO,No,Verified supplier test record 766
test767,Trader,Yinglima Supplier 8,Pumps,Solvents,Spare Parts 3,China,Zhejiang,Shenzhen,Industrial Zone 8,No. 7670 Industry Road,Mr. Manager 767,+86 13800000767,supplier767@yinglima.com,NEW,Grade C,NO,No,Verified supplier test record 767
test768,Manufacturer,Yinglima Supplier 9,Machines,Band Sealer,Spare Parts 4,China,Zhejiang,Jinan,Industrial Zone 9,No. 7680 Industry Road,Mr. Manager 768,+86 13800000768,supplier768@yinglima.com,NEW,Grade A,NO,Yes,Verified supplier test record 768
test769,Trader,Yinglima Supplier 10,Food Ingredients,Citric Acid,Spare Parts 5,China,Zhejiang,Yiwu,Industrial Zone 10,No. 7690 Industry Road,Mr. Manager 769,+86 13800000769,supplier769@yinglima.com,NEW,Grade C,NO,No,Verified supplier test record 769
test770,Manufacturer,Yinglima Supplier 1,Chemicals,Caustic Soda,Spare Parts 1,China,Zhejiang,Wenzhou,Industrial Zone 11,No. 7700 Industry Road,Mr. Manager 770,+86 13800000770,supplier770@yinglima.com,NEW,Grade B,NO,No,Verified supplier test record 770
test771,Trader,Yinglima Supplier 2,Tech/Feed Grade Ingredients,Spares for Band Sealer,Spare Parts 2,China,Zhejiang,Hangzhou,Industrial Zone 12,No. 7710 Industry Road,Mr. Manager 771,+86 13800000771,supplier771@yinglima.com,NEW,Grade A,NO,No,Verified supplier test record 771
test772,Manufacturer,Yinglima Supplier 3,Filteration,Vacuum Packers,Spare Parts 3,China,Zhejiang,Ningbo,Industrial Zone 13,No. 7720 Industry Road,Mr. Manager 772,+86 13800000772,supplier772@yinglima.com,NEW,Grade B,NO,Yes,Verified supplier test record 772
test773,Trader,Yinglima Supplier 4,Pumps,Solvents,Spare Parts 4,China,Zhejiang,Qingdao,Industrial Zone 14,No. 7730 Industry Road,Mr. Manager 773,+86 13800000773,supplier773@yinglima.com,NEW,Grade C,NO,No,Verified supplier test record 773
test774,Manufacturer,Yinglima Supplier 5,Machines,Band Sealer,Spare Parts 5,China,Zhejiang,Weifang,Industrial Zone 15,No. 7740 Industry Road,Mr. Manager 774,+86 13800000774,supplier774@yinglima.com,NEW,Grade A,NO,No,Verified supplier test record 774
test775,Trader,Yinglima Supplier 6,Food Ingredients,Citric Acid,Spare Parts 1,China,Zhejiang,Shanghai,Industrial Zone 16,No. 7750 Industry Road,Mr. Manager 775,+86 13800000775,supplier775@yinglima.com,NEW,Grade C,NO,No,Verified supplier test record 775
test776,Manufacturer,Yinglima Supplier 7,Chemicals,Caustic Soda,Spare Parts 2,China,Zhejiang,Guangzhou,Industrial Zone 17,No. 7760 Industry Road,Mr. Manager 776,+86 13800000776,supplier776@yinglima.com,NEW,Grade B,NO,Yes,Verified supplier test record 776
test777,Trader,Yinglima Supplier 8,Tech/Feed Grade Ingredients,Spares for Band Sealer,Spare Parts 3,China,Zhejiang,Shenzhen,Industrial Zone 18,No. 7770 Industry Road,Mr. Manager 777,+86 13800000777,supplier777@yinglima.com,NEW,Grade A,NO,No,Verified supplier test record 777
test778,Manufacturer,Yinglima Supplier 9,Filteration,Vacuum Packers,Spare Parts 4,China,Zhejiang,Jinan,Industrial Zone 19,No. 7780 Industry Road,Mr. Manager 778,+86 13800000778,supplier778@yinglima.com,NEW,Grade B,NO,No,Verified supplier test record 778
test779,Trader,Yinglima Supplier 10,Pumps,Solvents,Spare Parts 5,China,Zhejiang,Yiwu,Industrial Zone 20,No. 7790 Industry Road,Mr. Manager 779,+86 13800000779,supplier779@yinglima.com,NEW,Grade C,NO,No,Verified supplier test record 779
test780,Manufacturer,Yinglima Supplier 1,Machines,Band Sealer,Spare Parts 1,China,Zhejiang,Wenzhou,Industrial Zone 1,No. 7800 Industry Road,Mr. Manager 780,+86 13800000780,supplier780@yinglima.com,NEW,Grade A,NO,Yes,Verified supplier test record 780
test781,Trader,Yinglima Supplier 2,Food Ingredients,Citric Acid,Spare Parts 2,China,Zhejiang,Hangzhou,Industrial Zone 2,No. 7810 Industry Road,Mr. Manager 781,+86 13800000781,supplier781@yinglima.com,NEW,Grade C,NO,No,Verified supplier test record 781
test782,Manufacturer,Yinglima Supplier 3,Chemicals,Caustic Soda,Spare Parts 3,China,Zhejiang,Ningbo,Industrial Zone 3,No. 7820 Industry Road,Mr. Manager 782,+86 13800000782,supplier782@yinglima.com,NEW,Grade B,NO,No,Verified supplier test record 782
test783,Trader,Yinglima Supplier 4,Tech/Feed Grade Ingredients,Spares for Band Sealer,Spare Parts 4,China,Zhejiang,Qingdao,Industrial Zone 4,No. 7830 Industry Road,Mr. Manager 783,+86 13800000783,supplier783@yinglima.com,NEW,Grade A,NO,No,Verified supplier test record 783
test784,Manufacturer,Yinglima Supplier 5,Filteration,Vacuum Packers,Spare Parts 5,China,Zhejiang,Weifang,Industrial Zone 5,No. 7840 Industry Road,Mr. Manager 784,+86 13800000784,supplier784@yinglima.com,NEW,Grade B,NO,Yes,Verified supplier test record 784
test785,Trader,Yinglima Supplier 6,Pumps,Solvents,Spare Parts 1,China,Zhejiang,Shanghai,Industrial Zone 6,No. 7850 Industry Road,Mr. Manager 785,+86 13800000785,supplier785@yinglima.com,NEW,Grade C,NO,No,Verified supplier test record 785
test786,Manufacturer,Yinglima Supplier 7,Machines,Band Sealer,Spare Parts 2,China,Zhejiang,Guangzhou,Industrial Zone 7,No. 7860 Industry Road,Mr. Manager 786,+86 13800000786,supplier786@yinglima.com,NEW,Grade A,NO,No,Verified supplier test record 786
test787,Trader,Yinglima Supplier 8,Food Ingredients,Citric Acid,Spare Parts 3,China,Zhejiang,Shenzhen,Industrial Zone 8,No. 7870 Industry Road,Mr. Manager 787,+86 13800000787,supplier787@yinglima.com,NEW,Grade C,NO,No,Verified supplier test record 787
test788,Manufacturer,Yinglima Supplier 9,Chemicals,Caustic Soda,Spare Parts 4,China,Zhejiang,Jinan,Industrial Zone 9,No. 7880 Industry Road,Mr. Manager 788,+86 13800000788,supplier788@yinglima.com,NEW,Grade B,NO,Yes,Verified supplier test record 788
test789,Trader,Yinglima Supplier 10,Tech/Feed Grade Ingredients,Spares for Band Sealer,Spare Parts 5,China,Zhejiang,Yiwu,Industrial Zone 10,No. 7890 Industry Road,Mr. Manager 789,+86 13800000789,supplier789@yinglima.com,NEW,Grade A,NO,No,Verified supplier test record 789
test790,Manufacturer,Yinglima Supplier 1,Filteration,Vacuum Packers,Spare Parts 1,China,Zhejiang,Wenzhou,Industrial Zone 11,No. 7900 Industry Road,Mr. Manager 790,+86 13800000790,supplier790@yinglima.com,NEW,Grade B,NO,No,Verified supplier test record 790
test791,Trader,Yinglima Supplier 2,Pumps,Solvents,Spare Parts 2,China,Zhejiang,Hangzhou,Industrial Zone 12,No. 7910 Industry Road,Mr. Manager 791,+86 13800000791,supplier791@yinglima.com,NEW,Grade C,NO,No,Verified supplier test record 791
test792,Manufacturer,Yinglima Supplier 3,Machines,Band Sealer,Spare Parts 3,China,Zhejiang,Ningbo,Industrial Zone 13,No. 7920 Industry Road,Mr. Manager 792,+86 13800000792,supplier792@yinglima.com,NEW,Grade A,NO,Yes,Verified supplier test record 792
test793,Trader,Yinglima Supplier 4,Food Ingredients,Citric Acid,Spare Parts 4,China,Zhejiang,Qingdao,Industrial Zone 14,No. 7930 Industry Road,Mr. Manager 793,+86 13800000793,supplier793@yinglima.com,NEW,Grade C,NO,No,Verified supplier test record 793
test794,Manufacturer,Yinglima Supplier 5,Chemicals,Caustic Soda,Spare Parts 5,China,Zhejiang,Weifang,Industrial Zone 15,No. 7940 Industry Road,Mr. Manager 794,+86 13800000794,supplier794@yinglima.com,NEW,Grade B,NO,No,Verified supplier test record 794
test795,Trader,Yinglima Supplier 6,Tech/Feed Grade Ingredients,Spares for Band Sealer,Spare Parts 1,China,Zhejiang,Shanghai,Industrial Zone 16,No. 7950 Industry Road,Mr. Manager 795,+86 13800000795,supplier795@yinglima.com,NEW,Grade A,NO,No,Verified supplier test record 795
test796,Manufacturer,Yinglima Supplier 7,Filteration,Vacuum Packers,Spare Parts 2,China,Zhejiang,Guangzhou,Industrial Zone 17,No. 7960 Industry Road,Mr. Manager 796,+86 13800000796,supplier796@yinglima.com,NEW,Grade B,NO,Yes,Verified supplier test record 796
test797,Trader,Yinglima Supplier 8,Pumps,Solvents,Spare Parts 3,China,Zhejiang,Shenzhen,Industrial Zone 18,No. 7970 Industry Road,Mr. Manager 797,+86 13800000797,supplier797@yinglima.com,NEW,Grade C,NO,No,Verified supplier test record 797
test798,Manufacturer,Yinglima Supplier 9,Machines,Band Sealer,Spare Parts 4,China,Zhejiang,Jinan,Industrial Zone 19,No. 7980 Industry Road,Mr. Manager 798,+86 13800000798,supplier798@yinglima.com,NEW,Grade A,NO,No,Verified supplier test record 798
test799,Trader,Yinglima Supplier 10,Food Ingredients,Citric Acid,Spare Parts 5,China,Zhejiang,Yiwu,Industrial Zone 20,No. 7990 Industry Road,Mr. Manager 799,+86 13800000799,supplier799@yinglima.com,NEW,Grade C,NO,No,Verified supplier test record 799
test800,Manufacturer,Yinglima Supplier 1,Chemicals,Caustic Soda,Spare Parts 1,China,Zhejiang,Wenzhou,Industrial Zone 1,No. 8000 Industry Road,Mr. Manager 800,+86 13800000800,supplier800@yinglima.com,NEW,Grade B,NO,Yes,Verified supplier test record 800
test801,Trader,Yinglima Supplier 2,Tech/Feed Grade Ingredients,Spares for Band Sealer,Spare Parts 2,China,Zhejiang,Hangzhou,Industrial Zone 2,No. 8010 Industry Road,Mr. Manager 801,+86 13800000801,supplier801@yinglima.com,NEW,Grade A,NO,No,Verified supplier test record 801
test802,Manufacturer,Yinglima Supplier 3,Filteration,Vacuum Packers,Spare Parts 3,China,Zhejiang,Ningbo,Industrial Zone 3,No. 8020 Industry Road,Mr. Manager 802,+86 13800000802,supplier802@yinglima.com,NEW,Grade B,NO,No,Verified supplier test record 802
test803,Trader,Yinglima Supplier 4,Pumps,Solvents,Spare Parts 4,China,Zhejiang,Qingdao,Industrial Zone 4,No. 8030 Industry Road,Mr. Manager 803,+86 13800000803,supplier803@yinglima.com,NEW,Grade C,NO,No,Verified supplier test record 803
test804,Manufacturer,Yinglima Supplier 5,Machines,Band Sealer,Spare Parts 5,China,Zhejiang,Weifang,Industrial Zone 5,No. 8040 Industry Road,Mr. Manager 804,+86 13800000804,supplier804@yinglima.com,NEW,Grade A,NO,Yes,Verified supplier test record 804
test805,Trader,Yinglima Supplier 6,Food Ingredients,Citric Acid,Spare Parts 1,China,Zhejiang,Shanghai,Industrial Zone 6,No. 8050 Industry Road,Mr. Manager 805,+86 13800000805,supplier805@yinglima.com,NEW,Grade C,NO,No,Verified supplier test record 805
test806,Manufacturer,Yinglima Supplier 7,Chemicals,Caustic Soda,Spare Parts 2,China,Zhejiang,Guangzhou,Industrial Zone 7,No. 8060 Industry Road,Mr. Manager 806,+86 13800000806,supplier806@yinglima.com,NEW,Grade B,NO,No,Verified supplier test record 806
test807,Trader,Yinglima Supplier 8,Tech/Feed Grade Ingredients,Spares for Band Sealer,Spare Parts 3,China,Zhejiang,Shenzhen,Industrial Zone 8,No. 8070 Industry Road,Mr. Manager 807,+86 13800000807,supplier807@yinglima.com,NEW,Grade A,NO,No,Verified supplier test record 807
test808,Manufacturer,Yinglima Supplier 9,Filteration,Vacuum Packers,Spare Parts 4,China,Zhejiang,Jinan,Industrial Zone 9,No. 8080 Industry Road,Mr. Manager 808,+86 13800000808,supplier808@yinglima.com,NEW,Grade B,NO,Yes,Verified supplier test record 808
test809,Trader,Yinglima Supplier 10,Pumps,Solvents,Spare Parts 5,China,Zhejiang,Yiwu,Industrial Zone 10,No. 8090 Industry Road,Mr. Manager 809,+86 13800000809,supplier809@yinglima.com,NEW,Grade C,NO,No,Verified supplier test record 809
test810,Manufacturer,Yinglima Supplier 1,Machines,Band Sealer,Spare Parts 1,China,Zhejiang,Wenzhou,Industrial Zone 11,No. 8100 Industry Road,Mr. Manager 810,+86 13800000810,supplier810@yinglima.com,NEW,Grade A,NO,No,Verified supplier test record 810
test811,Trader,Yinglima Supplier 2,Food Ingredients,Citric Acid,Spare Parts 2,China,Zhejiang,Hangzhou,Industrial Zone 12,No. 8110 Industry Road,Mr. Manager 811,+86 13800000811,supplier811@yinglima.com,NEW,Grade C,NO,No,Verified supplier test record 811
test812,Manufacturer,Yinglima Supplier 3,Chemicals,Caustic Soda,Spare Parts 3,China,Zhejiang,Ningbo,Industrial Zone 13,No. 8120 Industry Road,Mr. Manager 812,+86 13800000812,supplier812@yinglima.com,NEW,Grade B,NO,Yes,Verified supplier test record 812
test813,Trader,Yinglima Supplier 4,Tech/Feed Grade Ingredients,Spares for Band Sealer,Spare Parts 4,China,Zhejiang,Qingdao,Industrial Zone 14,No. 8130 Industry Road,Mr. Manager 813,+86 13800000813,supplier813@yinglima.com,NEW,Grade A,NO,No,Verified supplier test record 813
test814,Manufacturer,Yinglima Supplier 5,Filteration,Vacuum Packers,Spare Parts 5,China,Zhejiang,Weifang,Industrial Zone 15,No. 8140 Industry Road,Mr. Manager 814,+86 13800000814,supplier814@yinglima.com,NEW,Grade B,NO,No,Verified supplier test record 814
test815,Trader,Yinglima Supplier 6,Pumps,Solvents,Spare Parts 1,China,Zhejiang,Shanghai,Industrial Zone 16,No. 8150 Industry Road,Mr. Manager 815,+86 13800000815,supplier815@yinglima.com,NEW,Grade C,NO,No,Verified supplier test record 815
test816,Manufacturer,Yinglima Supplier 7,Machines,Band Sealer,Spare Parts 2,China,Zhejiang,Guangzhou,Industrial Zone 17,No. 8160 Industry Road,Mr. Manager 816,+86 13800000816,supplier816@yinglima.com,NEW,Grade A,NO,Yes,Verified supplier test record 816
test817,Trader,Yinglima Supplier 8,Food Ingredients,Citric Acid,Spare Parts 3,China,Zhejiang,Shenzhen,Industrial Zone 18,No. 8170 Industry Road,Mr. Manager 817,+86 13800000817,supplier817@yinglima.com,NEW,Grade C,NO,No,Verified supplier test record 817
test818,Manufacturer,Yinglima Supplier 9,Chemicals,Caustic Soda,Spare Parts 4,China,Zhejiang,Jinan,Industrial Zone 19,No. 8180 Industry Road,Mr. Manager 818,+86 13800000818,supplier818@yinglima.com,NEW,Grade B,NO,No,Verified supplier test record 818
test819,Trader,Yinglima Supplier 10,Tech/Feed Grade Ingredients,Spares for Band Sealer,Spare Parts 5,China,Zhejiang,Yiwu,Industrial Zone 20,No. 8190 Industry Road,Mr. Manager 819,+86 13800000819,supplier819@yinglima.com,NEW,Grade A,NO,No,Verified supplier test record 819
test820,Manufacturer,Yinglima Supplier 1,Filteration,Vacuum Packers,Spare Parts 1,China,Zhejiang,Wenzhou,Industrial Zone 1,No. 8200 Industry Road,Mr. Manager 820,+86 13800000820,supplier820@yinglima.com,NEW,Grade B,NO,Yes,Verified supplier test record 820
test821,Trader,Yinglima Supplier 2,Pumps,Solvents,Spare Parts 2,China,Zhejiang,Hangzhou,Industrial Zone 2,No. 8210 Industry Road,Mr. Manager 821,+86 13800000821,supplier821@yinglima.com,NEW,Grade C,NO,No,Verified supplier test record 821
test822,Manufacturer,Yinglima Supplier 3,Machines,Band Sealer,Spare Parts 3,China,Zhejiang,Ningbo,Industrial Zone 3,No. 8220 Industry Road,Mr. Manager 822,+86 13800000822,supplier822@yinglima.com,NEW,Grade A,NO,No,Verified supplier test record 822
test823,Trader,Yinglima Supplier 4,Food Ingredients,Citric Acid,Spare Parts 4,China,Zhejiang,Qingdao,Industrial Zone 4,No. 8230 Industry Road,Mr. Manager 823,+86 13800000823,supplier823@yinglima.com,NEW,Grade C,NO,No,Verified supplier test record 823
test824,Manufacturer,Yinglima Supplier 5,Chemicals,Caustic Soda,Spare Parts 5,China,Zhejiang,Weifang,Industrial Zone 5,No. 8240 Industry Road,Mr. Manager 824,+86 13800000824,supplier824@yinglima.com,NEW,Grade B,NO,Yes,Verified supplier test record 824
test825,Trader,Yinglima Supplier 6,Tech/Feed Grade Ingredients,Spares for Band Sealer,Spare Parts 1,China,Zhejiang,Shanghai,Industrial Zone 6,No. 8250 Industry Road,Mr. Manager 825,+86 13800000825,supplier825@yinglima.com,NEW,Grade A,NO,No,Verified supplier test record 825
test826,Manufacturer,Yinglima Supplier 7,Filteration,Vacuum Packers,Spare Parts 2,China,Zhejiang,Guangzhou,Industrial Zone 7,No. 8260 Industry Road,Mr. Manager 826,+86 13800000826,supplier826@yinglima.com,NEW,Grade B,NO,No,Verified supplier test record 826
test827,Trader,Yinglima Supplier 8,Pumps,Solvents,Spare Parts 3,China,Zhejiang,Shenzhen,Industrial Zone 8,No. 8270 Industry Road,Mr. Manager 827,+86 13800000827,supplier827@yinglima.com,NEW,Grade C,NO,No,Verified supplier test record 827
test828,Manufacturer,Yinglima Supplier 9,Machines,Band Sealer,Spare Parts 4,China,Zhejiang,Jinan,Industrial Zone 9,No. 8280 Industry Road,Mr. Manager 828,+86 13800000828,supplier828@yinglima.com,NEW,Grade A,NO,Yes,Verified supplier test record 828
test829,Trader,Yinglima Supplier 10,Food Ingredients,Citric Acid,Spare Parts 5,China,Zhejiang,Yiwu,Industrial Zone 10,No. 8290 Industry Road,Mr. Manager 829,+86 13800000829,supplier829@yinglima.com,NEW,Grade C,NO,No,Verified supplier test record 829
test830,Manufacturer,Yinglima Supplier 1,Chemicals,Caustic Soda,Spare Parts 1,China,Zhejiang,Wenzhou,Industrial Zone 11,No. 8300 Industry Road,Mr. Manager 830,+86 13800000830,supplier830@yinglima.com,NEW,Grade B,NO,No,Verified supplier test record 830
test831,Trader,Yinglima Supplier 2,Tech/Feed Grade Ingredients,Spares for Band Sealer,Spare Parts 2,China,Zhejiang,Hangzhou,Industrial Zone 12,No. 8310 Industry Road,Mr. Manager 831,+86 13800000831,supplier831@yinglima.com,NEW,Grade A,NO,No,Verified supplier test record 831
test832,Manufacturer,Yinglima Supplier 3,Filteration,Vacuum Packers,Spare Parts 3,China,Zhejiang,Ningbo,Industrial Zone 13,No. 8320 Industry Road,Mr. Manager 832,+86 13800000832,supplier832@yinglima.com,NEW,Grade B,NO,Yes,Verified supplier test record 832
test833,Trader,Yinglima Supplier 4,Pumps,Solvents,Spare Parts 4,China,Zhejiang,Qingdao,Industrial Zone 14,No. 8330 Industry Road,Mr. Manager 833,+86 13800000833,supplier833@yinglima.com,NEW,Grade C,NO,No,Verified supplier test record 833
test834,Manufacturer,Yinglima Supplier 5,Machines,Band Sealer,Spare Parts 5,China,Zhejiang,Weifang,Industrial Zone 15,No. 8340 Industry Road,Mr. Manager 834,+86 13800000834,supplier834@yinglima.com,NEW,Grade A,NO,No,Verified supplier test record 834
test835,Trader,Yinglima Supplier 6,Food Ingredients,Citric Acid,Spare Parts 1,China,Zhejiang,Shanghai,Industrial Zone 16,No. 8350 Industry Road,Mr. Manager 835,+86 13800000835,supplier835@yinglima.com,NEW,Grade C,NO,No,Verified supplier test record 835
test836,Manufacturer,Yinglima Supplier 7,Chemicals,Caustic Soda,Spare Parts 2,China,Zhejiang,Guangzhou,Industrial Zone 17,No. 8360 Industry Road,Mr. Manager 836,+86 13800000836,supplier836@yinglima.com,NEW,Grade B,NO,Yes,Verified supplier test record 836
test837,Trader,Yinglima Supplier 8,Tech/Feed Grade Ingredients,Spares for Band Sealer,Spare Parts 3,China,Zhejiang,Shenzhen,Industrial Zone 18,No. 8370 Industry Road,Mr. Manager 837,+86 13800000837,supplier837@yinglima.com,NEW,Grade A,NO,No,Verified supplier test record 837
test838,Manufacturer,Yinglima Supplier 9,Filteration,Vacuum Packers,Spare Parts 4,China,Zhejiang,Jinan,Industrial Zone 19,No. 8380 Industry Road,Mr. Manager 838,+86 13800000838,supplier838@yinglima.com,NEW,Grade B,NO,No,Verified supplier test record 838
test839,Trader,Yinglima Supplier 10,Pumps,Solvents,Spare Parts 5,China,Zhejiang,Yiwu,Industrial Zone 20,No. 8390 Industry Road,Mr. Manager 839,+86 13800000839,supplier839@yinglima.com,NEW,Grade C,NO,No,Verified supplier test record 839
test840,Manufacturer,Yinglima Supplier 1,Machines,Band Sealer,Spare Parts 1,China,Zhejiang,Wenzhou,Industrial Zone 1,No. 8400 Industry Road,Mr. Manager 840,+86 13800000840,supplier840@yinglima.com,NEW,Grade A,NO,Yes,Verified supplier test record 840
test841,Trader,Yinglima Supplier 2,Food Ingredients,Citric Acid,Spare Parts 2,China,Zhejiang,Hangzhou,Industrial Zone 2,No. 8410 Industry Road,Mr. Manager 841,+86 13800000841,supplier841@yinglima.com,NEW,Grade C,NO,No,Verified supplier test record 841
test842,Manufacturer,Yinglima Supplier 3,Chemicals,Caustic Soda,Spare Parts 3,China,Zhejiang,Ningbo,Industrial Zone 3,No. 8420 Industry Road,Mr. Manager 842,+86 13800000842,supplier842@yinglima.com,NEW,Grade B,NO,No,Verified supplier test record 842
test843,Trader,Yinglima Supplier 4,Tech/Feed Grade Ingredients,Spares for Band Sealer,Spare Parts 4,China,Zhejiang,Qingdao,Industrial Zone 4,No. 8430 Industry Road,Mr. Manager 843,+86 13800000843,supplier843@yinglima.com,NEW,Grade A,NO,No,Verified supplier test record 843
test844,Manufacturer,Yinglima Supplier 5,Filteration,Vacuum Packers,Spare Parts 5,China,Zhejiang,Weifang,Industrial Zone 5,No. 8440 Industry Road,Mr. Manager 844,+86 13800000844,supplier844@yinglima.com,NEW,Grade B,NO,Yes,Verified supplier test record 844
test845,Trader,Yinglima Supplier 6,Pumps,Solvents,Spare Parts 1,China,Zhejiang,Shanghai,Industrial Zone 6,No. 8450 Industry Road,Mr. Manager 845,+86 13800000845,supplier845@yinglima.com,NEW,Grade C,NO,No,Verified supplier test record 845
test846,Manufacturer,Yinglima Supplier 7,Machines,Band Sealer,Spare Parts 2,China,Zhejiang,Guangzhou,Industrial Zone 7,No. 8460 Industry Road,Mr. Manager 846,+86 13800000846,supplier846@yinglima.com,NEW,Grade A,NO,No,Verified supplier test record 846
test847,Trader,Yinglima Supplier 8,Food Ingredients,Citric Acid,Spare Parts 3,China,Zhejiang,Shenzhen,Industrial Zone 8,No. 8470 Industry Road,Mr. Manager 847,+86 13800000847,supplier847@yinglima.com,NEW,Grade C,NO,No,Verified supplier test record 847
test848,Manufacturer,Yinglima Supplier 9,Chemicals,Caustic Soda,Spare Parts 4,China,Zhejiang,Jinan,Industrial Zone 9,No. 8480 Industry Road,Mr. Manager 848,+86 13800000848,supplier848@yinglima.com,NEW,Grade B,NO,Yes,Verified supplier test record 848
test849,Trader,Yinglima Supplier 10,Tech/Feed Grade Ingredients,Spares for Band Sealer,Spare Parts 5,China,Zhejiang,Yiwu,Industrial Zone 10,No. 8490 Industry Road,Mr. Manager 849,+86 13800000849,supplier849@yinglima.com,NEW,Grade A,NO,No,Verified supplier test record 849
test850,Manufacturer,Yinglima Supplier 1,Filteration,Vacuum Packers,Spare Parts 1,China,Zhejiang,Wenzhou,Industrial Zone 11,No. 8500 Industry Road,Mr. Manager 850,+86 13800000850,supplier850@yinglima.com,NEW,Grade B,NO,No,Verified supplier test record 850
test851,Trader,Yinglima Supplier 2,Pumps,Solvents,Spare Parts 2,China,Zhejiang,Hangzhou,Industrial Zone 12,No. 8510 Industry Road,Mr. Manager 851,+86 13800000851,supplier851@yinglima.com,NEW,Grade C,NO,No,Verified supplier test record 851
test852,Manufacturer,Yinglima Supplier 3,Machines,Band Sealer,Spare Parts 3,China,Zhejiang,Ningbo,Industrial Zone 13,No. 8520 Industry Road,Mr. Manager 852,+86 13800000852,supplier852@yinglima.com,NEW,Grade A,NO,Yes,Verified supplier test record 852
test853,Trader,Yinglima Supplier 4,Food Ingredients,Citric Acid,Spare Parts 4,China,Zhejiang,Qingdao,Industrial Zone 14,No. 8530 Industry Road,Mr. Manager 853,+86 13800000853,supplier853@yinglima.com,NEW,Grade C,NO,No,Verified supplier test record 853
test854,Manufacturer,Yinglima Supplier 5,Chemicals,Caustic Soda,Spare Parts 5,China,Zhejiang,Weifang,Industrial Zone 15,No. 8540 Industry Road,Mr. Manager 854,+86 13800000854,supplier854@yinglima.com,NEW,Grade B,NO,No,Verified supplier test record 854
test855,Trader,Yinglima Supplier 6,Tech/Feed Grade Ingredients,Spares for Band Sealer,Spare Parts 1,China,Zhejiang,Shanghai,Industrial Zone 16,No. 8550 Industry Road,Mr. Manager 855,+86 13800000855,supplier855@yinglima.com,NEW,Grade A,NO,No,Verified supplier test record 855
test856,Manufacturer,Yinglima Supplier 7,Filteration,Vacuum Packers,Spare Parts 2,China,Zhejiang,Guangzhou,Industrial Zone 17,No. 8560 Industry Road,Mr. Manager 856,+86 13800000856,supplier856@yinglima.com,NEW,Grade B,NO,Yes,Verified supplier test record 856
test857,Trader,Yinglima Supplier 8,Pumps,Solvents,Spare Parts 3,China,Zhejiang,Shenzhen,Industrial Zone 18,No. 8570 Industry Road,Mr. Manager 857,+86 13800000857,supplier857@yinglima.com,NEW,Grade C,NO,No,Verified supplier test record 857
test858,Manufacturer,Yinglima Supplier 9,Machines,Band Sealer,Spare Parts 4,China,Zhejiang,Jinan,Industrial Zone 19,No. 8580 Industry Road,Mr. Manager 858,+86 13800000858,supplier858@yinglima.com,NEW,Grade A,NO,No,Verified supplier test record 858
test859,Trader,Yinglima Supplier 10,Food Ingredients,Citric Acid,Spare Parts 5,China,Zhejiang,Yiwu,Industrial Zone 20,No. 8590 Industry Road,Mr. Manager 859,+86 13800000859,supplier859@yinglima.com,NEW,Grade C,NO,No,Verified supplier test record 859
test860,Manufacturer,Yinglima Supplier 1,Chemicals,Caustic Soda,Spare Parts 1,China,Zhejiang,Wenzhou,Industrial Zone 1,No. 8600 Industry Road,Mr. Manager 860,+86 13800000860,supplier860@yinglima.com,NEW,Grade B,NO,Yes,Verified supplier test record 860
test861,Trader,Yinglima Supplier 2,Tech/Feed Grade Ingredients,Spares for Band Sealer,Spare Parts 2,China,Zhejiang,Hangzhou,Industrial Zone 2,No. 8610 Industry Road,Mr. Manager 861,+86 13800000861,supplier861@yinglima.com,NEW,Grade A,NO,No,Verified supplier test record 861
test862,Manufacturer,Yinglima Supplier 3,Filteration,Vacuum Packers,Spare Parts 3,China,Zhejiang,Ningbo,Industrial Zone 3,No. 8620 Industry Road,Mr. Manager 862,+86 13800000862,supplier862@yinglima.com,NEW,Grade B,NO,No,Verified supplier test record 862
test863,Trader,Yinglima Supplier 4,Pumps,Solvents,Spare Parts 4,China,Zhejiang,Qingdao,Industrial Zone 4,No. 8630 Industry Road,Mr. Manager 863,+86 13800000863,supplier863@yinglima.com,NEW,Grade C,NO,No,Verified supplier test record 863
test864,Manufacturer,Yinglima Supplier 5,Machines,Band Sealer,Spare Parts 5,China,Zhejiang,Weifang,Industrial Zone 5,No. 8640 Industry Road,Mr. Manager 864,+86 13800000864,supplier864@yinglima.com,NEW,Grade A,NO,Yes,Verified supplier test record 864
test865,Trader,Yinglima Supplier 6,Food Ingredients,Citric Acid,Spare Parts 1,China,Zhejiang,Shanghai,Industrial Zone 6,No. 8650 Industry Road,Mr. Manager 865,+86 13800000865,supplier865@yinglima.com,NEW,Grade C,NO,No,Verified supplier test record 865
test866,Manufacturer,Yinglima Supplier 7,Chemicals,Caustic Soda,Spare Parts 2,China,Zhejiang,Guangzhou,Industrial Zone 7,No. 8660 Industry Road,Mr. Manager 866,+86 13800000866,supplier866@yinglima.com,NEW,Grade B,NO,No,Verified supplier test record 866
test867,Trader,Yinglima Supplier 8,Tech/Feed Grade Ingredients,Spares for Band Sealer,Spare Parts 3,China,Zhejiang,Shenzhen,Industrial Zone 8,No. 8670 Industry Road,Mr. Manager 867,+86 13800000867,supplier867@yinglima.com,NEW,Grade A,NO,No,Verified supplier test record 867
test868,Manufacturer,Yinglima Supplier 9,Filteration,Vacuum Packers,Spare Parts 4,China,Zhejiang,Jinan,Industrial Zone 9,No. 8680 Industry Road,Mr. Manager 868,+86 13800000868,supplier868@yinglima.com,NEW,Grade B,NO,Yes,Verified supplier test record 868
test869,Trader,Yinglima Supplier 10,Pumps,Solvents,Spare Parts 5,China,Zhejiang,Yiwu,Industrial Zone 10,No. 8690 Industry Road,Mr. Manager 869,+86 13800000869,supplier869@yinglima.com,NEW,Grade C,NO,No,Verified supplier test record 869
test870,Manufacturer,Yinglima Supplier 1,Machines,Band Sealer,Spare Parts 1,China,Zhejiang,Wenzhou,Industrial Zone 11,No. 8700 Industry Road,Mr. Manager 870,+86 13800000870,supplier870@yinglima.com,NEW,Grade A,NO,No,Verified supplier test record 870
test871,Trader,Yinglima Supplier 2,Food Ingredients,Citric Acid,Spare Parts 2,China,Zhejiang,Hangzhou,Industrial Zone 12,No. 8710 Industry Road,Mr. Manager 871,+86 13800000871,supplier871@yinglima.com,NEW,Grade C,NO,No,Verified supplier test record 871
test872,Manufacturer,Yinglima Supplier 3,Chemicals,Caustic Soda,Spare Parts 3,China,Zhejiang,Ningbo,Industrial Zone 13,No. 8720 Industry Road,Mr. Manager 872,+86 13800000872,supplier872@yinglima.com,NEW,Grade B,NO,Yes,Verified supplier test record 872
test873,Trader,Yinglima Supplier 4,Tech/Feed Grade Ingredients,Spares for Band Sealer,Spare Parts 4,China,Zhejiang,Qingdao,Industrial Zone 14,No. 8730 Industry Road,Mr. Manager 873,+86 13800000873,supplier873@yinglima.com,NEW,Grade A,NO,No,Verified supplier test record 873
test874,Manufacturer,Yinglima Supplier 5,Filteration,Vacuum Packers,Spare Parts 5,China,Zhejiang,Weifang,Industrial Zone 15,No. 8740 Industry Road,Mr. Manager 874,+86 13800000874,supplier874@yinglima.com,NEW,Grade B,NO,No,Verified supplier test record 874
test875,Trader,Yinglima Supplier 6,Pumps,Solvents,Spare Parts 1,China,Zhejiang,Shanghai,Industrial Zone 16,No. 8750 Industry Road,Mr. Manager 875,+86 13800000875,supplier875@yinglima.com,NEW,Grade C,NO,No,Verified supplier test record 875
test876,Manufacturer,Yinglima Supplier 7,Machines,Band Sealer,Spare Parts 2,China,Zhejiang,Guangzhou,Industrial Zone 17,No. 8760 Industry Road,Mr. Manager 876,+86 13800000876,supplier876@yinglima.com,NEW,Grade A,NO,Yes,Verified supplier test record 876
test877,Trader,Yinglima Supplier 8,Food Ingredients,Citric Acid,Spare Parts 3,China,Zhejiang,Shenzhen,Industrial Zone 18,No. 8770 Industry Road,Mr. Manager 877,+86 13800000877,supplier877@yinglima.com,NEW,Grade C,NO,No,Verified supplier test record 877
test878,Manufacturer,Yinglima Supplier 9,Chemicals,Caustic Soda,Spare Parts 4,China,Zhejiang,Jinan,Industrial Zone 19,No. 8780 Industry Road,Mr. Manager 878,+86 13800000878,supplier878@yinglima.com,NEW,Grade B,NO,No,Verified supplier test record 878
test879,Trader,Yinglima Supplier 10,Tech/Feed Grade Ingredients,Spares for Band Sealer,Spare Parts 5,China,Zhejiang,Yiwu,Industrial Zone 20,No. 8790 Industry Road,Mr. Manager 879,+86 13800000879,supplier879@yinglima.com,NEW,Grade A,NO,No,Verified supplier test record 879
test880,Manufacturer,Yinglima Supplier 1,Filteration,Vacuum Packers,Spare Parts 1,China,Zhejiang,Wenzhou,Industrial Zone 1,No. 8800 Industry Road,Mr. Manager 880,+86 13800000880,supplier880@yinglima.com,NEW,Grade B,NO,Yes,Verified supplier test record 880
test881,Trader,Yinglima Supplier 2,Pumps,Solvents,Spare Parts 2,China,Zhejiang,Hangzhou,Industrial Zone 2,No. 8810 Industry Road,Mr. Manager 881,+86 13800000881,supplier881@yinglima.com,NEW,Grade C,NO,No,Verified supplier test record 881
test882,Manufacturer,Yinglima Supplier 3,Machines,Band Sealer,Spare Parts 3,China,Zhejiang,Ningbo,Industrial Zone 3,No. 8820 Industry Road,Mr. Manager 882,+86 13800000882,supplier882@yinglima.com,NEW,Grade A,NO,No,Verified supplier test record 882
test883,Trader,Yinglima Supplier 4,Food Ingredients,Citric Acid,Spare Parts 4,China,Zhejiang,Qingdao,Industrial Zone 4,No. 8830 Industry Road,Mr. Manager 883,+86 13800000883,supplier883@yinglima.com,NEW,Grade C,NO,No,Verified supplier test record 883
test884,Manufacturer,Yinglima Supplier 5,Chemicals,Caustic Soda,Spare Parts 5,China,Zhejiang,Weifang,Industrial Zone 5,No. 8840 Industry Road,Mr. Manager 884,+86 13800000884,supplier884@yinglima.com,NEW,Grade B,NO,Yes,Verified supplier test record 884
test885,Trader,Yinglima Supplier 6,Tech/Feed Grade Ingredients,Spares for Band Sealer,Spare Parts 1,China,Zhejiang,Shanghai,Industrial Zone 6,No. 8850 Industry Road,Mr. Manager 885,+86 13800000885,supplier885@yinglima.com,NEW,Grade A,NO,No,Verified supplier test record 885
test886,Manufacturer,Yinglima Supplier 7,Filteration,Vacuum Packers,Spare Parts 2,China,Zhejiang,Guangzhou,Industrial Zone 7,No. 8860 Industry Road,Mr. Manager 886,+86 13800000886,supplier886@yinglima.com,NEW,Grade B,NO,No,Verified supplier test record 886
test887,Trader,Yinglima Supplier 8,Pumps,Solvents,Spare Parts 3,China,Zhejiang,Shenzhen,Industrial Zone 8,No. 8870 Industry Road,Mr. Manager 887,+86 13800000887,supplier887@yinglima.com,NEW,Grade C,NO,No,Verified supplier test record 887
test888,Manufacturer,Yinglima Supplier 9,Machines,Band Sealer,Spare Parts 4,China,Zhejiang,Jinan,Industrial Zone 9,No. 8880 Industry Road,Mr. Manager 888,+86 13800000888,supplier888@yinglima.com,NEW,Grade A,NO,Yes,Verified supplier test record 888
test889,Trader,Yinglima Supplier 10,Food Ingredients,Citric Acid,Spare Parts 5,China,Zhejiang,Yiwu,Industrial Zone 10,No. 8890 Industry Road,Mr. Manager 889,+86 13800000889,supplier889@yinglima.com,NEW,Grade C,NO,No,Verified supplier test record 889
test890,Manufacturer,Yinglima Supplier 1,Chemicals,Caustic Soda,Spare Parts 1,China,Zhejiang,Wenzhou,Industrial Zone 11,No. 8900 Industry Road,Mr. Manager 890,+86 13800000890,supplier890@yinglima.com,NEW,Grade B,NO,No,Verified supplier test record 890
test891,Trader,Yinglima Supplier 2,Tech/Feed Grade Ingredients,Spares for Band Sealer,Spare Parts 2,China,Zhejiang,Hangzhou,Industrial Zone 12,No. 8910 Industry Road,Mr. Manager 891,+86 13800000891,supplier891@yinglima.com,NEW,Grade A,NO,No,Verified supplier test record 891
test892,Manufacturer,Yinglima Supplier 3,Filteration,Vacuum Packers,Spare Parts 3,China,Zhejiang,Ningbo,Industrial Zone 13,No. 8920 Industry Road,Mr. Manager 892,+86 13800000892,supplier892@yinglima.com,NEW,Grade B,NO,Yes,Verified supplier test record 892
test893,Trader,Yinglima Supplier 4,Pumps,Solvents,Spare Parts 4,China,Zhejiang,Qingdao,Industrial Zone 14,No. 8930 Industry Road,Mr. Manager 893,+86 13800000893,supplier893@yinglima.com,NEW,Grade C,NO,No,Verified supplier test record 893
test894,Manufacturer,Yinglima Supplier 5,Machines,Band Sealer,Spare Parts 5,China,Zhejiang,Weifang,Industrial Zone 15,No. 8940 Industry Road,Mr. Manager 894,+86 13800000894,supplier894@yinglima.com,NEW,Grade A,NO,No,Verified supplier test record 894
test895,Trader,Yinglima Supplier 6,Food Ingredients,Citric Acid,Spare Parts 1,China,Zhejiang,Shanghai,Industrial Zone 16,No. 8950 Industry Road,Mr. Manager 895,+86 13800000895,supplier895@yinglima.com,NEW,Grade C,NO,No,Verified supplier test record 895
test896,Manufacturer,Yinglima Supplier 7,Chemicals,Caustic Soda,Spare Parts 2,China,Zhejiang,Guangzhou,Industrial Zone 17,No. 8960 Industry Road,Mr. Manager 896,+86 13800000896,supplier896@yinglima.com,NEW,Grade B,NO,Yes,Verified supplier test record 896
test897,Trader,Yinglima Supplier 8,Tech/Feed Grade Ingredients,Spares for Band Sealer,Spare Parts 3,China,Zhejiang,Shenzhen,Industrial Zone 18,No. 8970 Industry Road,Mr. Manager 897,+86 13800000897,supplier897@yinglima.com,NEW,Grade A,NO,No,Verified supplier test record 897
test898,Manufacturer,Yinglima Supplier 9,Filteration,Vacuum Packers,Spare Parts 4,China,Zhejiang,Jinan,Industrial Zone 19,No. 8980 Industry Road,Mr. Manager 898,+86 13800000898,supplier898@yinglima.com,NEW,Grade B,NO,No,Verified supplier test record 898
test899,Trader,Yinglima Supplier 10,Pumps,Solvents,Spare Parts 5,China,Zhejiang,Yiwu,Industrial Zone 20,No. 8990 Industry Road,Mr. Manager 899,+86 13800000899,supplier899@yinglima.com,NEW,Grade C,NO,No,Verified supplier test record 899
test900,Manufacturer,Yinglima Supplier 1,Machines,Band Sealer,Spare Parts 1,China,Zhejiang,Wenzhou,Industrial Zone 1,No. 9000 Industry Road,Mr. Manager 900,+86 13800000900,supplier900@yinglima.com,NEW,Grade A,NO,Yes,Verified supplier test record 900
test901,Trader,Yinglima Supplier 2,Food Ingredients,Citric Acid,Spare Parts 2,China,Zhejiang,Hangzhou,Industrial Zone 2,No. 9010 Industry Road,Mr. Manager 901,+86 13800000901,supplier901@yinglima.com,NEW,Grade C,NO,No,Verified supplier test record 901
test902,Manufacturer,Yinglima Supplier 3,Chemicals,Caustic Soda,Spare Parts 3,China,Zhejiang,Ningbo,Industrial Zone 3,No. 9020 Industry Road,Mr. Manager 902,+86 13800000902,supplier902@yinglima.com,NEW,Grade B,NO,No,Verified supplier test record 902
test903,Trader,Yinglima Supplier 4,Tech/Feed Grade Ingredients,Spares for Band Sealer,Spare Parts 4,China,Zhejiang,Qingdao,Industrial Zone 4,No. 9030 Industry Road,Mr. Manager 903,+86 13800000903,supplier903@yinglima.com,NEW,Grade A,NO,No,Verified supplier test record 903
test904,Manufacturer,Yinglima Supplier 5,Filteration,Vacuum Packers,Spare Parts 5,China,Zhejiang,Weifang,Industrial Zone 5,No. 9040 Industry Road,Mr. Manager 904,+86 13800000904,supplier904@yinglima.com,NEW,Grade B,NO,Yes,Verified supplier test record 904
test905,Trader,Yinglima Supplier 6,Pumps,Solvents,Spare Parts 1,China,Zhejiang,Shanghai,Industrial Zone 6,No. 9050 Industry Road,Mr. Manager 905,+86 13800000905,supplier905@yinglima.com,NEW,Grade C,NO,No,Verified supplier test record 905
test906,Manufacturer,Yinglima Supplier 7,Machines,Band Sealer,Spare Parts 2,China,Zhejiang,Guangzhou,Industrial Zone 7,No. 9060 Industry Road,Mr. Manager 906,+86 13800000906,supplier906@yinglima.com,NEW,Grade A,NO,No,Verified supplier test record 906
test907,Trader,Yinglima Supplier 8,Food Ingredients,Citric Acid,Spare Parts 3,China,Zhejiang,Shenzhen,Industrial Zone 8,No. 9070 Industry Road,Mr. Manager 907,+86 13800000907,supplier907@yinglima.com,NEW,Grade C,NO,No,Verified supplier test record 907
test908,Manufacturer,Yinglima Supplier 9,Chemicals,Caustic Soda,Spare Parts 4,China,Zhejiang,Jinan,Industrial Zone 9,No. 9080 Industry Road,Mr. Manager 908,+86 13800000908,supplier908@yinglima.com,NEW,Grade B,NO,Yes,Verified supplier test record 908
test909,Trader,Yinglima Supplier 10,Tech/Feed Grade Ingredients,Spares for Band Sealer,Spare Parts 5,China,Zhejiang,Yiwu,Industrial Zone 10,No. 9090 Industry Road,Mr. Manager 909,+86 13800000909,supplier909@yinglima.com,NEW,Grade A,NO,No,Verified supplier test record 909
test910,Manufacturer,Yinglima Supplier 1,Filteration,Vacuum Packers,Spare Parts 1,China,Zhejiang,Wenzhou,Industrial Zone 11,No. 9100 Industry Road,Mr. Manager 910,+86 13800000910,supplier910@yinglima.com,NEW,Grade B,NO,No,Verified supplier test record 910
test911,Trader,Yinglima Supplier 2,Pumps,Solvents,Spare Parts 2,China,Zhejiang,Hangzhou,Industrial Zone 12,No. 9110 Industry Road,Mr. Manager 911,+86 13800000911,supplier911@yinglima.com,NEW,Grade C,NO,No,Verified supplier test record 911
test912,Manufacturer,Yinglima Supplier 3,Machines,Band Sealer,Spare Parts 3,China,Zhejiang,Ningbo,Industrial Zone 13,No. 9120 Industry Road,Mr. Manager 912,+86 13800000912,supplier912@yinglima.com,NEW,Grade A,NO,Yes,Verified supplier test record 912
test913,Trader,Yinglima Supplier 4,Food Ingredients,Citric Acid,Spare Parts 4,China,Zhejiang,Qingdao,Industrial Zone 14,No. 9130 Industry Road,Mr. Manager 913,+86 13800000913,supplier913@yinglima.com,NEW,Grade C,NO,No,Verified supplier test record 913
test914,Manufacturer,Yinglima Supplier 5,Chemicals,Caustic Soda,Spare Parts 5,China,Zhejiang,Weifang,Industrial Zone 15,No. 9140 Industry Road,Mr. Manager 914,+86 13800000914,supplier914@yinglima.com,NEW,Grade B,NO,No,Verified supplier test record 914
test915,Trader,Yinglima Supplier 6,Tech/Feed Grade Ingredients,Spares for Band Sealer,Spare Parts 1,China,Zhejiang,Shanghai,Industrial Zone 16,No. 9150 Industry Road,Mr. Manager 915,+86 13800000915,supplier915@yinglima.com,NEW,Grade A,NO,No,Verified supplier test record 915
test916,Manufacturer,Yinglima Supplier 7,Filteration,Vacuum Packers,Spare Parts 2,China,Zhejiang,Guangzhou,Industrial Zone 17,No. 9160 Industry Road,Mr. Manager 916,+86 13800000916,supplier916@yinglima.com,NEW,Grade B,NO,Yes,Verified supplier test record 916
test917,Trader,Yinglima Supplier 8,Pumps,Solvents,Spare Parts 3,China,Zhejiang,Shenzhen,Industrial Zone 18,No. 9170 Industry Road,Mr. Manager 917,+86 13800000917,supplier917@yinglima.com,NEW,Grade C,NO,No,Verified supplier test record 917
test918,Manufacturer,Yinglima Supplier 9,Machines,Band Sealer,Spare Parts 4,China,Zhejiang,Jinan,Industrial Zone 19,No. 9180 Industry Road,Mr. Manager 918,+86 13800000918,supplier918@yinglima.com,NEW,Grade A,NO,No,Verified supplier test record 918
test919,Trader,Yinglima Supplier 10,Food Ingredients,Citric Acid,Spare Parts 5,China,Zhejiang,Yiwu,Industrial Zone 20,No. 9190 Industry Road,Mr. Manager 919,+86 13800000919,supplier919@yinglima.com,NEW,Grade C,NO,No,Verified supplier test record 919
test920,Manufacturer,Yinglima Supplier 1,Chemicals,Caustic Soda,Spare Parts 1,China,Zhejiang,Wenzhou,Industrial Zone 1,No. 9200 Industry Road,Mr. Manager 920,+86 13800000920,supplier920@yinglima.com,NEW,Grade B,NO,Yes,Verified supplier test record 920
test921,Trader,Yinglima Supplier 2,Tech/Feed Grade Ingredients,Spares for Band Sealer,Spare Parts 2,China,Zhejiang,Hangzhou,Industrial Zone 2,No. 9210 Industry Road,Mr. Manager 921,+86 13800000921,supplier921@yinglima.com,NEW,Grade A,NO,No,Verified supplier test record 921
test922,Manufacturer,Yinglima Supplier 3,Filteration,Vacuum Packers,Spare Parts 3,China,Zhejiang,Ningbo,Industrial Zone 3,No. 9220 Industry Road,Mr. Manager 922,+86 13800000922,supplier922@yinglima.com,NEW,Grade B,NO,No,Verified supplier test record 922
test923,Trader,Yinglima Supplier 4,Pumps,Solvents,Spare Parts 4,China,Zhejiang,Qingdao,Industrial Zone 4,No. 9230 Industry Road,Mr. Manager 923,+86 13800000923,supplier923@yinglima.com,NEW,Grade C,NO,No,Verified supplier test record 923
test924,Manufacturer,Yinglima Supplier 5,Machines,Band Sealer,Spare Parts 5,China,Zhejiang,Weifang,Industrial Zone 5,No. 9240 Industry Road,Mr. Manager 924,+86 13800000924,supplier924@yinglima.com,NEW,Grade A,NO,Yes,Verified supplier test record 924
test925,Trader,Yinglima Supplier 6,Food Ingredients,Citric Acid,Spare Parts 1,China,Zhejiang,Shanghai,Industrial Zone 6,No. 9250 Industry Road,Mr. Manager 925,+86 13800000925,supplier925@yinglima.com,NEW,Grade C,NO,No,Verified supplier test record 925
test926,Manufacturer,Yinglima Supplier 7,Chemicals,Caustic Soda,Spare Parts 2,China,Zhejiang,Guangzhou,Industrial Zone 7,No. 9260 Industry Road,Mr. Manager 926,+86 13800000926,supplier926@yinglima.com,NEW,Grade B,NO,No,Verified supplier test record 926
test927,Trader,Yinglima Supplier 8,Tech/Feed Grade Ingredients,Spares for Band Sealer,Spare Parts 3,China,Zhejiang,Shenzhen,Industrial Zone 8,No. 9270 Industry Road,Mr. Manager 927,+86 13800000927,supplier927@yinglima.com,NEW,Grade A,NO,No,Verified supplier test record 927
test928,Manufacturer,Yinglima Supplier 9,Filteration,Vacuum Packers,Spare Parts 4,China,Zhejiang,Jinan,Industrial Zone 9,No. 9280 Industry Road,Mr. Manager 928,+86 13800000928,supplier928@yinglima.com,NEW,Grade B,NO,Yes,Verified supplier test record 928
test929,Trader,Yinglima Supplier 10,Pumps,Solvents,Spare Parts 5,China,Zhejiang,Yiwu,Industrial Zone 10,No. 9290 Industry Road,Mr. Manager 929,+86 13800000929,supplier929@yinglima.com,NEW,Grade C,NO,No,Verified supplier test record 929
test930,Manufacturer,Yinglima Supplier 1,Machines,Band Sealer,Spare Parts 1,China,Zhejiang,Wenzhou,Industrial Zone 11,No. 9300 Industry Road,Mr. Manager 930,+86 13800000930,supplier930@yinglima.com,NEW,Grade A,NO,No,Verified supplier test record 930
test931,Trader,Yinglima Supplier 2,Food Ingredients,Citric Acid,Spare Parts 2,China,Zhejiang,Hangzhou,Industrial Zone 12,No. 9310 Industry Road,Mr. Manager 931,+86 13800000931,supplier931@yinglima.com,NEW,Grade C,NO,No,Verified supplier test record 931
test932,Manufacturer,Yinglima Supplier 3,Chemicals,Caustic Soda,Spare Parts 3,China,Zhejiang,Ningbo,Industrial Zone 13,No. 9320 Industry Road,Mr. Manager 932,+86 13800000932,supplier932@yinglima.com,NEW,Grade B,NO,Yes,Verified supplier test record 932
test933,Trader,Yinglima Supplier 4,Tech/Feed Grade Ingredients,Spares for Band Sealer,Spare Parts 4,China,Zhejiang,Qingdao,Industrial Zone 14,No. 9330 Industry Road,Mr. Manager 933,+86 13800000933,supplier933@yinglima.com,NEW,Grade A,NO,No,Verified supplier test record 933
test934,Manufacturer,Yinglima Supplier 5,Filteration,Vacuum Packers,Spare Parts 5,China,Zhejiang,Weifang,Industrial Zone 15,No. 9340 Industry Road,Mr. Manager 934,+86 13800000934,supplier934@yinglima.com,NEW,Grade B,NO,No,Verified supplier test record 934
test935,Trader,Yinglima Supplier 6,Pumps,Solvents,Spare Parts 1,China,Zhejiang,Shanghai,Industrial Zone 16,No. 9350 Industry Road,Mr. Manager 935,+86 13800000935,supplier935@yinglima.com,NEW,Grade C,NO,No,Verified supplier test record 935
test936,Manufacturer,Yinglima Supplier 7,Machines,Band Sealer,Spare Parts 2,China,Zhejiang,Guangzhou,Industrial Zone 17,No. 9360 Industry Road,Mr. Manager 936,+86 13800000936,supplier936@yinglima.com,NEW,Grade A,NO,Yes,Verified supplier test record 936
test937,Trader,Yinglima Supplier 8,Food Ingredients,Citric Acid,Spare Parts 3,China,Zhejiang,Shenzhen,Industrial Zone 18,No. 9370 Industry Road,Mr. Manager 937,+86 13800000937,supplier937@yinglima.com,NEW,Grade C,NO,No,Verified supplier test record 937
test938,Manufacturer,Yinglima Supplier 9,Chemicals,Caustic Soda,Spare Parts 4,China,Zhejiang,Jinan,Industrial Zone 19,No. 9380 Industry Road,Mr. Manager 938,+86 13800000938,supplier938@yinglima.com,NEW,Grade B,NO,No,Verified supplier test record 938
test939,Trader,Yinglima Supplier 10,Tech/Feed Grade Ingredients,Spares for Band Sealer,Spare Parts 5,China,Zhejiang,Yiwu,Industrial Zone 20,No. 9390 Industry Road,Mr. Manager 939,+86 13800000939,supplier939@yinglima.com,NEW,Grade A,NO,No,Verified supplier test record 939
test940,Manufacturer,Yinglima Supplier 1,Filteration,Vacuum Packers,Spare Parts 1,China,Zhejiang,Wenzhou,Industrial Zone 1,No. 9400 Industry Road,Mr. Manager 940,+86 13800000940,supplier940@yinglima.com,NEW,Grade B,NO,Yes,Verified supplier test record 940
test941,Trader,Yinglima Supplier 2,Pumps,Solvents,Spare Parts 2,China,Zhejiang,Hangzhou,Industrial Zone 2,No. 9410 Industry Road,Mr. Manager 941,+86 13800000941,supplier941@yinglima.com,NEW,Grade C,NO,No,Verified supplier test record 941
test942,Manufacturer,Yinglima Supplier 3,Machines,Band Sealer,Spare Parts 3,China,Zhejiang,Ningbo,Industrial Zone 3,No. 9420 Industry Road,Mr. Manager 942,+86 13800000942,supplier942@yinglima.com,NEW,Grade A,NO,No,Verified supplier test record 942
test943,Trader,Yinglima Supplier 4,Food Ingredients,Citric Acid,Spare Parts 4,China,Zhejiang,Qingdao,Industrial Zone 4,No. 9430 Industry Road,Mr. Manager 943,+86 13800000943,supplier943@yinglima.com,NEW,Grade C,NO,No,Verified supplier test record 943
test944,Manufacturer,Yinglima Supplier 5,Chemicals,Caustic Soda,Spare Parts 5,China,Zhejiang,Weifang,Industrial Zone 5,No. 9440 Industry Road,Mr. Manager 944,+86 13800000944,supplier944@yinglima.com,NEW,Grade B,NO,Yes,Verified supplier test record 944
test945,Trader,Yinglima Supplier 6,Tech/Feed Grade Ingredients,Spares for Band Sealer,Spare Parts 1,China,Zhejiang,Shanghai,Industrial Zone 6,No. 9450 Industry Road,Mr. Manager 945,+86 13800000945,supplier945@yinglima.com,NEW,Grade A,NO,No,Verified supplier test record 945
test946,Manufacturer,Yinglima Supplier 7,Filteration,Vacuum Packers,Spare Parts 2,China,Zhejiang,Guangzhou,Industrial Zone 7,No. 9460 Industry Road,Mr. Manager 946,+86 13800000946,supplier946@yinglima.com,NEW,Grade B,NO,No,Verified supplier test record 946
test947,Trader,Yinglima Supplier 8,Pumps,Solvents,Spare Parts 3,China,Zhejiang,Shenzhen,Industrial Zone 8,No. 9470 Industry Road,Mr. Manager 947,+86 13800000947,supplier947@yinglima.com,NEW,Grade C,NO,No,Verified supplier test record 947
test948,Manufacturer,Yinglima Supplier 9,Machines,Band Sealer,Spare Parts 4,China,Zhejiang,Jinan,Industrial Zone 9,No. 9480 Industry Road,Mr. Manager 948,+86 13800000948,supplier948@yinglima.com,NEW,Grade A,NO,Yes,Verified supplier test record 948
test949,Trader,Yinglima Supplier 10,Food Ingredients,Citric Acid,Spare Parts 5,China,Zhejiang,Yiwu,Industrial Zone 10,No. 9490 Industry Road,Mr. Manager 949,+86 13800000949,supplier949@yinglima.com,NEW,Grade C,NO,No,Verified supplier test record 949
test950,Manufacturer,Yinglima Supplier 1,Chemicals,Caustic Soda,Spare Parts 1,China,Zhejiang,Wenzhou,Industrial Zone 11,No. 9500 Industry Road,Mr. Manager 950,+86 13800000950,supplier950@yinglima.com,NEW,Grade B,NO,No,Verified supplier test record 950
test951,Trader,Yinglima Supplier 2,Tech/Feed Grade Ingredients,Spares for Band Sealer,Spare Parts 2,China,Zhejiang,Hangzhou,Industrial Zone 12,No. 9510 Industry Road,Mr. Manager 951,+86 13800000951,supplier951@yinglima.com,NEW,Grade A,NO,No,Verified supplier test record 951
test952,Manufacturer,Yinglima Supplier 3,Filteration,Vacuum Packers,Spare Parts 3,China,Zhejiang,Ningbo,Industrial Zone 13,No. 9520 Industry Road,Mr. Manager 952,+86 13800000952,supplier952@yinglima.com,NEW,Grade B,NO,Yes,Verified supplier test record 952
test953,Trader,Yinglima Supplier 4,Pumps,Solvents,Spare Parts 4,China,Zhejiang,Qingdao,Industrial Zone 14,No. 9530 Industry Road,Mr. Manager 953,+86 13800000953,supplier953@yinglima.com,NEW,Grade C,NO,No,Verified supplier test record 953
test954,Manufacturer,Yinglima Supplier 5,Machines,Band Sealer,Spare Parts 5,China,Zhejiang,Weifang,Industrial Zone 15,No. 9540 Industry Road,Mr. Manager 954,+86 13800000954,supplier954@yinglima.com,NEW,Grade A,NO,No,Verified supplier test record 954
test955,Trader,Yinglima Supplier 6,Food Ingredients,Citric Acid,Spare Parts 1,China,Zhejiang,Shanghai,Industrial Zone 16,No. 9550 Industry Road,Mr. Manager 955,+86 13800000955,supplier955@yinglima.com,NEW,Grade C,NO,No,Verified supplier test record 955
test956,Manufacturer,Yinglima Supplier 7,Chemicals,Caustic Soda,Spare Parts 2,China,Zhejiang,Guangzhou,Industrial Zone 17,No. 9560 Industry Road,Mr. Manager 956,+86 13800000956,supplier956@yinglima.com,NEW,Grade B,NO,Yes,Verified supplier test record 956
test957,Trader,Yinglima Supplier 8,Tech/Feed Grade Ingredients,Spares for Band Sealer,Spare Parts 3,China,Zhejiang,Shenzhen,Industrial Zone 18,No. 9570 Industry Road,Mr. Manager 957,+86 13800000957,supplier957@yinglima.com,NEW,Grade A,NO,No,Verified supplier test record 957
test958,Manufacturer,Yinglima Supplier 9,Filteration,Vacuum Packers,Spare Parts 4,China,Zhejiang,Jinan,Industrial Zone 19,No. 9580 Industry Road,Mr. Manager 958,+86 13800000958,supplier958@yinglima.com,NEW,Grade B,NO,No,Verified supplier test record 958
test959,Trader,Yinglima Supplier 10,Pumps,Solvents,Spare Parts 5,China,Zhejiang,Yiwu,Industrial Zone 20,No. 9590 Industry Road,Mr. Manager 959,+86 13800000959,supplier959@yinglima.com,NEW,Grade C,NO,No,Verified supplier test record 959
test960,Manufacturer,Yinglima Supplier 1,Machines,Band Sealer,Spare Parts 1,China,Zhejiang,Wenzhou,Industrial Zone 1,No. 9600 Industry Road,Mr. Manager 960,+86 13800000960,supplier960@yinglima.com,NEW,Grade A,NO,Yes,Verified supplier test record 960
test961,Trader,Yinglima Supplier 2,Food Ingredients,Citric Acid,Spare Parts 2,China,Zhejiang,Hangzhou,Industrial Zone 2,No. 9610 Industry Road,Mr. Manager 961,+86 13800000961,supplier961@yinglima.com,NEW,Grade C,NO,No,Verified supplier test record 961
test962,Manufacturer,Yinglima Supplier 3,Chemicals,Caustic Soda,Spare Parts 3,China,Zhejiang,Ningbo,Industrial Zone 3,No. 9620 Industry Road,Mr. Manager 962,+86 13800000962,supplier962@yinglima.com,NEW,Grade B,NO,No,Verified supplier test record 962
test963,Trader,Yinglima Supplier 4,Tech/Feed Grade Ingredients,Spares for Band Sealer,Spare Parts 4,China,Zhejiang,Qingdao,Industrial Zone 4,No. 9630 Industry Road,Mr. Manager 963,+86 13800000963,supplier963@yinglima.com,NEW,Grade A,NO,No,Verified supplier test record 963
test964,Manufacturer,Yinglima Supplier 5,Filteration,Vacuum Packers,Spare Parts 5,China,Zhejiang,Weifang,Industrial Zone 5,No. 9640 Industry Road,Mr. Manager 964,+86 13800000964,supplier964@yinglima.com,NEW,Grade B,NO,Yes,Verified supplier test record 964
test965,Trader,Yinglima Supplier 6,Pumps,Solvents,Spare Parts 1,China,Zhejiang,Shanghai,Industrial Zone 6,No. 9650 Industry Road,Mr. Manager 965,+86 13800000965,supplier965@yinglima.com,NEW,Grade C,NO,No,Verified supplier test record 965
test966,Manufacturer,Yinglima Supplier 7,Machines,Band Sealer,Spare Parts 2,China,Zhejiang,Guangzhou,Industrial Zone 7,No. 9660 Industry Road,Mr. Manager 966,+86 13800000966,supplier966@yinglima.com,NEW,Grade A,NO,No,Verified supplier test record 966
test967,Trader,Yinglima Supplier 8,Food Ingredients,Citric Acid,Spare Parts 3,China,Zhejiang,Shenzhen,Industrial Zone 8,No. 9670 Industry Road,Mr. Manager 967,+86 13800000967,supplier967@yinglima.com,NEW,Grade C,NO,No,Verified supplier test record 967
test968,Manufacturer,Yinglima Supplier 9,Chemicals,Caustic Soda,Spare Parts 4,China,Zhejiang,Jinan,Industrial Zone 9,No. 9680 Industry Road,Mr. Manager 968,+86 13800000968,supplier968@yinglima.com,NEW,Grade B,NO,Yes,Verified supplier test record 968
test969,Trader,Yinglima Supplier 10,Tech/Feed Grade Ingredients,Spares for Band Sealer,Spare Parts 5,China,Zhejiang,Yiwu,Industrial Zone 10,No. 9690 Industry Road,Mr. Manager 969,+86 13800000969,supplier969@yinglima.com,NEW,Grade A,NO,No,Verified supplier test record 969
test970,Manufacturer,Yinglima Supplier 1,Filteration,Vacuum Packers,Spare Parts 1,China,Zhejiang,Wenzhou,Industrial Zone 11,No. 9700 Industry Road,Mr. Manager 970,+86 13800000970,supplier970@yinglima.com,NEW,Grade B,NO,No,Verified supplier test record 970
test971,Trader,Yinglima Supplier 2,Pumps,Solvents,Spare Parts 2,China,Zhejiang,Hangzhou,Industrial Zone 12,No. 9710 Industry Road,Mr. Manager 971,+86 13800000971,supplier971@yinglima.com,NEW,Grade C,NO,No,Verified supplier test record 971
test972,Manufacturer,Yinglima Supplier 3,Machines,Band Sealer,Spare Parts 3,China,Zhejiang,Ningbo,Industrial Zone 13,No. 9720 Industry Road,Mr. Manager 972,+86 13800000972,supplier972@yinglima.com,NEW,Grade A,NO,Yes,Verified supplier test record 972
test973,Trader,Yinglima Supplier 4,Food Ingredients,Citric Acid,Spare Parts 4,China,Zhejiang,Qingdao,Industrial Zone 14,No. 9730 Industry Road,Mr. Manager 973,+86 13800000973,supplier973@yinglima.com,NEW,Grade C,NO,No,Verified supplier test record 973
test974,Manufacturer,Yinglima Supplier 5,Chemicals,Caustic Soda,Spare Parts 5,China,Zhejiang,Weifang,Industrial Zone 15,No. 9740 Industry Road,Mr. Manager 974,+86 13800000974,supplier974@yinglima.com,NEW,Grade B,NO,No,Verified supplier test record 974
test975,Trader,Yinglima Supplier 6,Tech/Feed Grade Ingredients,Spares for Band Sealer,Spare Parts 1,China,Zhejiang,Shanghai,Industrial Zone 16,No. 9750 Industry Road,Mr. Manager 975,+86 13800000975,supplier975@yinglima.com,NEW,Grade A,NO,No,Verified supplier test record 975
test976,Manufacturer,Yinglima Supplier 7,Filteration,Vacuum Packers,Spare Parts 2,China,Zhejiang,Guangzhou,Industrial Zone 17,No. 9760 Industry Road,Mr. Manager 976,+86 13800000976,supplier976@yinglima.com,NEW,Grade B,NO,Yes,Verified supplier test record 976
test977,Trader,Yinglima Supplier 8,Pumps,Solvents,Spare Parts 3,China,Zhejiang,Shenzhen,Industrial Zone 18,No. 9770 Industry Road,Mr. Manager 977,+86 13800000977,supplier977@yinglima.com,NEW,Grade C,NO,No,Verified supplier test record 977
test978,Manufacturer,Yinglima Supplier 9,Machines,Band Sealer,Spare Parts 4,China,Zhejiang,Jinan,Industrial Zone 19,No. 9780 Industry Road,Mr. Manager 978,+86 13800000978,supplier978@yinglima.com,NEW,Grade A,NO,No,Verified supplier test record 978
test979,Trader,Yinglima Supplier 10,Food Ingredients,Citric Acid,Spare Parts 5,China,Zhejiang,Yiwu,Industrial Zone 20,No. 9790 Industry Road,Mr. Manager 979,+86 13800000979,supplier979@yinglima.com,NEW,Grade C,NO,No,Verified supplier test record 979
test980,Manufacturer,Yinglima Supplier 1,Chemicals,Caustic Soda,Spare Parts 1,China,Zhejiang,Wenzhou,Industrial Zone 1,No. 9800 Industry Road,Mr. Manager 980,+86 13800000980,supplier980@yinglima.com,NEW,Grade B,NO,Yes,Verified supplier test record 980
test981,Trader,Yinglima Supplier 2,Tech/Feed Grade Ingredients,Spares for Band Sealer,Spare Parts 2,China,Zhejiang,Hangzhou,Industrial Zone 2,No. 9810 Industry Road,Mr. Manager 981,+86 13800000981,supplier981@yinglima.com,NEW,Grade A,NO,No,Verified supplier test record 981
test982,Manufacturer,Yinglima Supplier 3,Filteration,Vacuum Packers,Spare Parts 3,China,Zhejiang,Ningbo,Industrial Zone 3,No. 9820 Industry Road,Mr. Manager 982,+86 13800000982,supplier982@yinglima.com,NEW,Grade B,NO,No,Verified supplier test record 982
test983,Trader,Yinglima Supplier 4,Pumps,Solvents,Spare Parts 4,China,Zhejiang,Qingdao,Industrial Zone 4,No. 9830 Industry Road,Mr. Manager 983,+86 13800000983,supplier983@yinglima.com,NEW,Grade C,NO,No,Verified supplier test record 983
test984,Manufacturer,Yinglima Supplier 5,Machines,Band Sealer,Spare Parts 5,China,Zhejiang,Weifang,Industrial Zone 5,No. 9840 Industry Road,Mr. Manager 984,+86 13800000984,supplier984@yinglima.com,NEW,Grade A,NO,Yes,Verified supplier test record 984
test985,Trader,Yinglima Supplier 6,Food Ingredients,Citric Acid,Spare Parts 1,China,Zhejiang,Shanghai,Industrial Zone 6,No. 9850 Industry Road,Mr. Manager 985,+86 13800000985,supplier985@yinglima.com,NEW,Grade C,NO,No,Verified supplier test record 985
test986,Manufacturer,Yinglima Supplier 7,Chemicals,Caustic Soda,Spare Parts 2,China,Zhejiang,Guangzhou,Industrial Zone 7,No. 9860 Industry Road,Mr. Manager 986,+86 13800000986,supplier986@yinglima.com,NEW,Grade B,NO,No,Verified supplier test record 986
test987,Trader,Yinglima Supplier 8,Tech/Feed Grade Ingredients,Spares for Band Sealer,Spare Parts 3,China,Zhejiang,Shenzhen,Industrial Zone 8,No. 9870 Industry Road,Mr. Manager 987,+86 13800000987,supplier987@yinglima.com,NEW,Grade A,NO,No,Verified supplier test record 987
test988,Manufacturer,Yinglima Supplier 9,Filteration,Vacuum Packers,Spare Parts 4,China,Zhejiang,Jinan,Industrial Zone 9,No. 9880 Industry Road,Mr. Manager 988,+86 13800000988,supplier988@yinglima.com,NEW,Grade B,NO,Yes,Verified supplier test record 988
test989,Trader,Yinglima Supplier 10,Pumps,Solvents,Spare Parts 5,China,Zhejiang,Yiwu,Industrial Zone 10,No. 9890 Industry Road,Mr. Manager 989,+86 13800000989,supplier989@yinglima.com,NEW,Grade C,NO,No,Verified supplier test record 989
test990,Manufacturer,Yinglima Supplier 1,Machines,Band Sealer,Spare Parts 1,China,Zhejiang,Wenzhou,Industrial Zone 11,No. 9900 Industry Road,Mr. Manager 990,+86 13800000990,supplier990@yinglima.com,NEW,Grade A,NO,No,Verified supplier test record 990
test991,Trader,Yinglima Supplier 2,Food Ingredients,Citric Acid,Spare Parts 2,China,Zhejiang,Hangzhou,Industrial Zone 12,No. 9910 Industry Road,Mr. Manager 991,+86 13800000991,supplier991@yinglima.com,NEW,Grade C,NO,No,Verified supplier test record 991
test992,Manufacturer,Yinglima Supplier 3,Chemicals,Caustic Soda,Spare Parts 3,China,Zhejiang,Ningbo,Industrial Zone 13,No. 9920 Industry Road,Mr. Manager 992,+86 13800000992,supplier992@yinglima.com,NEW,Grade B,NO,Yes,Verified supplier test record 992
test993,Trader,Yinglima Supplier 4,Tech/Feed Grade Ingredients,Spares for Band Sealer,Spare Parts 4,China,Zhejiang,Qingdao,Industrial Zone 14,No. 9930 Industry Road,Mr. Manager 993,+86 13800000993,supplier993@yinglima.com,NEW,Grade A,NO,No,Verified supplier test record 993
test994,Manufacturer,Yinglima Supplier 5,Filteration,Vacuum Packers,Spare Parts 5,China,Zhejiang,Weifang,Industrial Zone 15,No. 9940 Industry Road,Mr. Manager 994,+86 13800000994,supplier994@yinglima.com,NEW,Grade B,NO,No,Verified supplier test record 994
test995,Trader,Yinglima Supplier 6,Pumps,Solvents,Spare Parts 1,China,Zhejiang,Shanghai,Industrial Zone 16,No. 9950 Industry Road,Mr. Manager 995,+86 13800000995,supplier995@yinglima.com,NEW,Grade C,NO,No,Verified supplier test record 995
test996,Manufacturer,Yinglima Supplier 7,Machines,Band Sealer,Spare Parts 2,China,Zhejiang,Guangzhou,Industrial Zone 17,No. 9960 Industry Road,Mr. Manager 996,+86 13800000996,supplier996@yinglima.com,NEW,Grade A,NO,Yes,Verified supplier test record 996
test997,Trader,Yinglima Supplier 8,Food Ingredients,Citric Acid,Spare Parts 3,China,Zhejiang,Shenzhen,Industrial Zone 18,No. 9970 Industry Road,Mr. Manager 997,+86 13800000997,supplier997@yinglima.com,NEW,Grade C,NO,No,Verified supplier test record 997
test998,Manufacturer,Yinglima Supplier 9,Chemicals,Caustic Soda,Spare Parts 4,China,Zhejiang,Jinan,Industrial Zone 19,No. 9980 Industry Road,Mr. Manager 998,+86 13800000998,supplier998@yinglima.com,NEW,Grade B,NO,No,Verified supplier test record 998
test999,Trader,Yinglima Supplier 10,Tech/Feed Grade Ingredients,Spares for Band Sealer,Spare Parts 5,China,Zhejiang,Yiwu,Industrial Zone 20,No. 9990 Industry Road,Mr. Manager 999,+86 13800000999,supplier999@yinglima.com,NEW,Grade A,NO,No,Verified supplier test record 999
test1000,Manufacturer,Yinglima Supplier 1,Filteration,Vacuum Packers,Spare Parts 1,China,Zhejiang,Wenzhou,Industrial Zone 1,No. 10000 Industry Road,Mr. Manager 1000,+86 13800001000,supplier1000@yinglima.com,NEW,Grade B,NO,Yes,Verified supplier test record 1000